Function,Selection,Crossover,Mutation,Pop_Size,Iters,find_solution,generation_found
OneMax,proportional,empty,weak,146,146,0,
OneMax,proportional,empty,weak,146,146,0,
OneMax,proportional,empty,weak,146,146,0,
OneMax,proportional,empty,average,146,146,0,
OneMax,proportional,empty,average,146,146,0,
OneMax,proportional,empty,average,146,146,0,
OneMax,proportional,empty,strong,146,146,0,
OneMax,proportional,empty,strong,146,146,0,
OneMax,proportional,empty,strong,146,146,0,
OneMax,proportional,one_point,weak,146,146,0,
OneMax,proportional,one_point,weak,146,146,0,
OneMax,proportional,one_point,weak,146,146,0,
OneMax,proportional,one_point,average,146,146,0,
OneMax,proportional,one_point,average,146,146,0,
OneMax,proportional,one_point,average,146,146,0,
OneMax,proportional,one_point,strong,146,146,0,
OneMax,proportional,one_point,strong,146,146,0,
OneMax,proportional,one_point,strong,146,146,0,
OneMax,proportional,two_point,weak,146,146,0,
OneMax,proportional,two_point,weak,146,146,0,
OneMax,proportional,two_point,weak,146,146,0,
OneMax,proportional,two_point,average,146,146,0,
OneMax,proportional,two_point,average,146,146,0,
OneMax,proportional,two_point,average,146,146,0,
OneMax,proportional,two_point,strong,146,146,0,
OneMax,proportional,two_point,strong,146,146,0,
OneMax,proportional,two_point,strong,146,146,0,
OneMax,proportional,uniform_2,weak,146,146,0,
OneMax,proportional,uniform_2,weak,146,146,0,
OneMax,proportional,uniform_2,weak,146,146,0,
OneMax,proportional,uniform_2,average,146,146,0,
OneMax,proportional,uniform_2,average,146,146,0,
OneMax,proportional,uniform_2,average,146,146,0,
OneMax,proportional,uniform_2,strong,146,146,0,
OneMax,proportional,uniform_2,strong,146,146,0,
OneMax,proportional,uniform_2,strong,146,146,0,
OneMax,proportional,uniform_7,weak,146,146,0,
OneMax,proportional,uniform_7,weak,146,146,0,
OneMax,proportional,uniform_7,weak,146,146,0,
OneMax,proportional,uniform_7,average,146,146,0,
OneMax,proportional,uniform_7,average,146,146,0,
OneMax,proportional,uniform_7,average,146,146,0,
OneMax,proportional,uniform_7,strong,146,146,0,
OneMax,proportional,uniform_7,strong,146,146,0,
OneMax,proportional,uniform_7,strong,146,146,0,
OneMax,proportional,uniform_prop_2,weak,146,146,0,
OneMax,proportional,uniform_prop_2,weak,146,146,0,
OneMax,proportional,uniform_prop_2,weak,146,146,0,
OneMax,proportional,uniform_prop_2,average,146,146,0,
OneMax,proportional,uniform_prop_2,average,146,146,0,
OneMax,proportional,uniform_prop_2,average,146,146,0,
OneMax,proportional,uniform_prop_2,strong,146,146,0,
OneMax,proportional,uniform_prop_2,strong,146,146,0,
OneMax,proportional,uniform_prop_2,strong,146,146,0,
OneMax,proportional,uniform_prop_7,weak,146,146,0,
OneMax,proportional,uniform_prop_7,weak,146,146,0,
OneMax,proportional,uniform_prop_7,weak,146,146,1,121.0
OneMax,proportional,uniform_prop_7,average,146,146,1,135.0
OneMax,proportional,uniform_prop_7,average,146,146,1,141.0
OneMax,proportional,uniform_prop_7,average,146,146,1,121.0
OneMax,proportional,uniform_prop_7,strong,146,146,0,
OneMax,proportional,uniform_prop_7,strong,146,146,0,
OneMax,proportional,uniform_prop_7,strong,146,146,0,
OneMax,proportional,uniform_rank_2,weak,146,146,0,
OneMax,proportional,uniform_rank_2,weak,146,146,0,
OneMax,proportional,uniform_rank_2,weak,146,146,0,
OneMax,proportional,uniform_rank_2,average,146,146,0,
OneMax,proportional,uniform_rank_2,average,146,146,0,
OneMax,proportional,uniform_rank_2,average,146,146,0,
OneMax,proportional,uniform_rank_2,strong,146,146,0,
OneMax,proportional,uniform_rank_2,strong,146,146,0,
OneMax,proportional,uniform_rank_2,strong,146,146,0,
OneMax,proportional,uniform_rank_7,weak,146,146,0,
OneMax,proportional,uniform_rank_7,weak,146,146,0,
OneMax,proportional,uniform_rank_7,weak,146,146,1,134.0
OneMax,proportional,uniform_rank_7,average,146,146,1,113.0
OneMax,proportional,uniform_rank_7,average,146,146,1,102.0
OneMax,proportional,uniform_rank_7,average,146,146,1,98.0
OneMax,proportional,uniform_rank_7,strong,146,146,0,
OneMax,proportional,uniform_rank_7,strong,146,146,0,
OneMax,proportional,uniform_rank_7,strong,146,146,0,
OneMax,proportional,uniform_tour_3,weak,146,146,0,
OneMax,proportional,uniform_tour_3,weak,146,146,0,
OneMax,proportional,uniform_tour_3,weak,146,146,0,
OneMax,proportional,uniform_tour_3,average,146,146,0,
OneMax,proportional,uniform_tour_3,average,146,146,0,
OneMax,proportional,uniform_tour_3,average,146,146,0,
OneMax,proportional,uniform_tour_3,strong,146,146,0,
OneMax,proportional,uniform_tour_3,strong,146,146,0,
OneMax,proportional,uniform_tour_3,strong,146,146,0,
OneMax,proportional,uniform_tour_7,weak,146,146,0,
OneMax,proportional,uniform_tour_7,weak,146,146,0,
OneMax,proportional,uniform_tour_7,weak,146,146,0,
OneMax,proportional,uniform_tour_7,average,146,146,0,
OneMax,proportional,uniform_tour_7,average,146,146,0,
OneMax,proportional,uniform_tour_7,average,146,146,0,
OneMax,proportional,uniform_tour_7,strong,146,146,0,
OneMax,proportional,uniform_tour_7,strong,146,146,0,
OneMax,proportional,uniform_tour_7,strong,146,146,0,
OneMax,rank,empty,weak,146,146,0,
OneMax,rank,empty,weak,146,146,0,
OneMax,rank,empty,weak,146,146,0,
OneMax,rank,empty,average,146,146,0,
OneMax,rank,empty,average,146,146,0,
OneMax,rank,empty,average,146,146,0,
OneMax,rank,empty,strong,146,146,0,
OneMax,rank,empty,strong,146,146,0,
OneMax,rank,empty,strong,146,146,0,
OneMax,rank,one_point,weak,146,146,0,
OneMax,rank,one_point,weak,146,146,0,
OneMax,rank,one_point,weak,146,146,0,
OneMax,rank,one_point,average,146,146,0,
OneMax,rank,one_point,average,146,146,0,
OneMax,rank,one_point,average,146,146,0,
OneMax,rank,one_point,strong,146,146,0,
OneMax,rank,one_point,strong,146,146,0,
OneMax,rank,one_point,strong,146,146,0,
OneMax,rank,two_point,weak,146,146,0,
OneMax,rank,two_point,weak,146,146,0,
OneMax,rank,two_point,weak,146,146,0,
OneMax,rank,two_point,average,146,146,0,
OneMax,rank,two_point,average,146,146,0,
OneMax,rank,two_point,average,146,146,0,
OneMax,rank,two_point,strong,146,146,0,
OneMax,rank,two_point,strong,146,146,0,
OneMax,rank,two_point,strong,146,146,0,
OneMax,rank,uniform_2,weak,146,146,0,
OneMax,rank,uniform_2,weak,146,146,0,
OneMax,rank,uniform_2,weak,146,146,0,
OneMax,rank,uniform_2,average,146,146,0,
OneMax,rank,uniform_2,average,146,146,0,
OneMax,rank,uniform_2,average,146,146,0,
OneMax,rank,uniform_2,strong,146,146,0,
OneMax,rank,uniform_2,strong,146,146,0,
OneMax,rank,uniform_2,strong,146,146,0,
OneMax,rank,uniform_7,weak,146,146,0,
OneMax,rank,uniform_7,weak,146,146,0,
OneMax,rank,uniform_7,weak,146,146,0,
OneMax,rank,uniform_7,average,146,146,0,
OneMax,rank,uniform_7,average,146,146,0,
OneMax,rank,uniform_7,average,146,146,1,138.0
OneMax,rank,uniform_7,strong,146,146,0,
OneMax,rank,uniform_7,strong,146,146,0,
OneMax,rank,uniform_7,strong,146,146,0,
OneMax,rank,uniform_prop_2,weak,146,146,0,
OneMax,rank,uniform_prop_2,weak,146,146,0,
OneMax,rank,uniform_prop_2,weak,146,146,0,
OneMax,rank,uniform_prop_2,average,146,146,0,
OneMax,rank,uniform_prop_2,average,146,146,0,
OneMax,rank,uniform_prop_2,average,146,146,0,
OneMax,rank,uniform_prop_2,strong,146,146,0,
OneMax,rank,uniform_prop_2,strong,146,146,0,
OneMax,rank,uniform_prop_2,strong,146,146,0,
OneMax,rank,uniform_prop_7,weak,146,146,1,123.0
OneMax,rank,uniform_prop_7,weak,146,146,1,123.0
OneMax,rank,uniform_prop_7,weak,146,146,1,120.0
OneMax,rank,uniform_prop_7,average,146,146,1,120.0
OneMax,rank,uniform_prop_7,average,146,146,1,93.0
OneMax,rank,uniform_prop_7,average,146,146,1,87.0
OneMax,rank,uniform_prop_7,strong,146,146,0,
OneMax,rank,uniform_prop_7,strong,146,146,0,
OneMax,rank,uniform_prop_7,strong,146,146,0,
OneMax,rank,uniform_rank_2,weak,146,146,0,
OneMax,rank,uniform_rank_2,weak,146,146,0,
OneMax,rank,uniform_rank_2,weak,146,146,0,
OneMax,rank,uniform_rank_2,average,146,146,0,
OneMax,rank,uniform_rank_2,average,146,146,0,
OneMax,rank,uniform_rank_2,average,146,146,0,
OneMax,rank,uniform_rank_2,strong,146,146,0,
OneMax,rank,uniform_rank_2,strong,146,146,0,
OneMax,rank,uniform_rank_2,strong,146,146,0,
OneMax,rank,uniform_rank_7,weak,146,146,1,96.0
OneMax,rank,uniform_rank_7,weak,146,146,1,108.0
OneMax,rank,uniform_rank_7,weak,146,146,1,101.0
OneMax,rank,uniform_rank_7,average,146,146,1,108.0
OneMax,rank,uniform_rank_7,average,146,146,1,110.0
OneMax,rank,uniform_rank_7,average,146,146,1,116.0
OneMax,rank,uniform_rank_7,strong,146,146,0,
OneMax,rank,uniform_rank_7,strong,146,146,0,
OneMax,rank,uniform_rank_7,strong,146,146,0,
OneMax,rank,uniform_tour_3,weak,146,146,0,
OneMax,rank,uniform_tour_3,weak,146,146,0,
OneMax,rank,uniform_tour_3,weak,146,146,0,
OneMax,rank,uniform_tour_3,average,146,146,0,
OneMax,rank,uniform_tour_3,average,146,146,0,
OneMax,rank,uniform_tour_3,average,146,146,0,
OneMax,rank,uniform_tour_3,strong,146,146,0,
OneMax,rank,uniform_tour_3,strong,146,146,0,
OneMax,rank,uniform_tour_3,strong,146,146,0,
OneMax,rank,uniform_tour_7,weak,146,146,0,
OneMax,rank,uniform_tour_7,weak,146,146,0,
OneMax,rank,uniform_tour_7,weak,146,146,0,
OneMax,rank,uniform_tour_7,average,146,146,0,
OneMax,rank,uniform_tour_7,average,146,146,0,
OneMax,rank,uniform_tour_7,average,146,146,0,
OneMax,rank,uniform_tour_7,strong,146,146,0,
OneMax,rank,uniform_tour_7,strong,146,146,0,
OneMax,rank,uniform_tour_7,strong,146,146,0,
OneMax,tournament_3,empty,weak,146,146,0,
OneMax,tournament_3,empty,weak,146,146,0,
OneMax,tournament_3,empty,weak,146,146,0,
OneMax,tournament_3,empty,average,146,146,0,
OneMax,tournament_3,empty,average,146,146,0,
OneMax,tournament_3,empty,average,146,146,0,
OneMax,tournament_3,empty,strong,146,146,0,
OneMax,tournament_3,empty,strong,146,146,0,
OneMax,tournament_3,empty,strong,146,146,0,
OneMax,tournament_3,one_point,weak,146,146,0,
OneMax,tournament_3,one_point,weak,146,146,0,
OneMax,tournament_3,one_point,weak,146,146,0,
OneMax,tournament_3,one_point,average,146,146,0,
OneMax,tournament_3,one_point,average,146,146,0,
OneMax,tournament_3,one_point,average,146,146,0,
OneMax,tournament_3,one_point,strong,146,146,0,
OneMax,tournament_3,one_point,strong,146,146,0,
OneMax,tournament_3,one_point,strong,146,146,0,
OneMax,tournament_3,two_point,weak,146,146,0,
OneMax,tournament_3,two_point,weak,146,146,0,
OneMax,tournament_3,two_point,weak,146,146,0,
OneMax,tournament_3,two_point,average,146,146,0,
OneMax,tournament_3,two_point,average,146,146,0,
OneMax,tournament_3,two_point,average,146,146,0,
OneMax,tournament_3,two_point,strong,146,146,0,
OneMax,tournament_3,two_point,strong,146,146,0,
OneMax,tournament_3,two_point,strong,146,146,0,
OneMax,tournament_3,uniform_2,weak,146,146,0,
OneMax,tournament_3,uniform_2,weak,146,146,0,
OneMax,tournament_3,uniform_2,weak,146,146,0,
OneMax,tournament_3,uniform_2,average,146,146,0,
OneMax,tournament_3,uniform_2,average,146,146,0,
OneMax,tournament_3,uniform_2,average,146,146,0,
OneMax,tournament_3,uniform_2,strong,146,146,0,
OneMax,tournament_3,uniform_2,strong,146,146,0,
OneMax,tournament_3,uniform_2,strong,146,146,0,
OneMax,tournament_3,uniform_7,weak,146,146,1,127.0
OneMax,tournament_3,uniform_7,weak,146,146,0,
OneMax,tournament_3,uniform_7,weak,146,146,0,
OneMax,tournament_3,uniform_7,average,146,146,1,74.0
OneMax,tournament_3,uniform_7,average,146,146,1,75.0
OneMax,tournament_3,uniform_7,average,146,146,1,92.0
OneMax,tournament_3,uniform_7,strong,146,146,0,
OneMax,tournament_3,uniform_7,strong,146,146,0,
OneMax,tournament_3,uniform_7,strong,146,146,0,
OneMax,tournament_3,uniform_prop_2,weak,146,146,0,
OneMax,tournament_3,uniform_prop_2,weak,146,146,0,
OneMax,tournament_3,uniform_prop_2,weak,146,146,0,
OneMax,tournament_3,uniform_prop_2,average,146,146,0,
OneMax,tournament_3,uniform_prop_2,average,146,146,1,130.0
OneMax,tournament_3,uniform_prop_2,average,146,146,0,
OneMax,tournament_3,uniform_prop_2,strong,146,146,0,
OneMax,tournament_3,uniform_prop_2,strong,146,146,0,
OneMax,tournament_3,uniform_prop_2,strong,146,146,0,
OneMax,tournament_3,uniform_prop_7,weak,146,146,1,121.0
OneMax,tournament_3,uniform_prop_7,weak,146,146,0,
OneMax,tournament_3,uniform_prop_7,weak,146,146,1,87.0
OneMax,tournament_3,uniform_prop_7,average,146,146,1,96.0
OneMax,tournament_3,uniform_prop_7,average,146,146,1,87.0
OneMax,tournament_3,uniform_prop_7,average,146,146,1,80.0
OneMax,tournament_3,uniform_prop_7,strong,146,146,0,
OneMax,tournament_3,uniform_prop_7,strong,146,146,0,
OneMax,tournament_3,uniform_prop_7,strong,146,146,0,
OneMax,tournament_3,uniform_rank_2,weak,146,146,0,
OneMax,tournament_3,uniform_rank_2,weak,146,146,0,
OneMax,tournament_3,uniform_rank_2,weak,146,146,0,
OneMax,tournament_3,uniform_rank_2,average,146,146,1,125.0
OneMax,tournament_3,uniform_rank_2,average,146,146,1,146.0
OneMax,tournament_3,uniform_rank_2,average,146,146,0,
OneMax,tournament_3,uniform_rank_2,strong,146,146,0,
OneMax,tournament_3,uniform_rank_2,strong,146,146,0,
OneMax,tournament_3,uniform_rank_2,strong,146,146,0,
OneMax,tournament_3,uniform_rank_7,weak,146,146,1,92.0
OneMax,tournament_3,uniform_rank_7,weak,146,146,1,91.0
OneMax,tournament_3,uniform_rank_7,weak,146,146,1,117.0
OneMax,tournament_3,uniform_rank_7,average,146,146,1,88.0
OneMax,tournament_3,uniform_rank_7,average,146,146,1,87.0
OneMax,tournament_3,uniform_rank_7,average,146,146,1,71.0
OneMax,tournament_3,uniform_rank_7,strong,146,146,0,
OneMax,tournament_3,uniform_rank_7,strong,146,146,0,
OneMax,tournament_3,uniform_rank_7,strong,146,146,0,
OneMax,tournament_3,uniform_tour_3,weak,146,146,0,
OneMax,tournament_3,uniform_tour_3,weak,146,146,0,
OneMax,tournament_3,uniform_tour_3,weak,146,146,0,
OneMax,tournament_3,uniform_tour_3,average,146,146,0,
OneMax,tournament_3,uniform_tour_3,average,146,146,0,
OneMax,tournament_3,uniform_tour_3,average,146,146,0,
OneMax,tournament_3,uniform_tour_3,strong,146,146,0,
OneMax,tournament_3,uniform_tour_3,strong,146,146,0,
OneMax,tournament_3,uniform_tour_3,strong,146,146,0,
OneMax,tournament_3,uniform_tour_7,weak,146,146,0,
OneMax,tournament_3,uniform_tour_7,weak,146,146,0,
OneMax,tournament_3,uniform_tour_7,weak,146,146,0,
OneMax,tournament_3,uniform_tour_7,average,146,146,1,132.0
OneMax,tournament_3,uniform_tour_7,average,146,146,0,
OneMax,tournament_3,uniform_tour_7,average,146,146,1,139.0
OneMax,tournament_3,uniform_tour_7,strong,146,146,0,
OneMax,tournament_3,uniform_tour_7,strong,146,146,0,
OneMax,tournament_3,uniform_tour_7,strong,146,146,0,
OneMax,tournament_5,empty,weak,146,146,0,
OneMax,tournament_5,empty,weak,146,146,0,
OneMax,tournament_5,empty,weak,146,146,0,
OneMax,tournament_5,empty,average,146,146,0,
OneMax,tournament_5,empty,average,146,146,0,
OneMax,tournament_5,empty,average,146,146,0,
OneMax,tournament_5,empty,strong,146,146,0,
OneMax,tournament_5,empty,strong,146,146,0,
OneMax,tournament_5,empty,strong,146,146,0,
OneMax,tournament_5,one_point,weak,146,146,0,
OneMax,tournament_5,one_point,weak,146,146,0,
OneMax,tournament_5,one_point,weak,146,146,0,
OneMax,tournament_5,one_point,average,146,146,0,
OneMax,tournament_5,one_point,average,146,146,0,
OneMax,tournament_5,one_point,average,146,146,0,
OneMax,tournament_5,one_point,strong,146,146,0,
OneMax,tournament_5,one_point,strong,146,146,0,
OneMax,tournament_5,one_point,strong,146,146,0,
OneMax,tournament_5,two_point,weak,146,146,0,
OneMax,tournament_5,two_point,weak,146,146,0,
OneMax,tournament_5,two_point,weak,146,146,0,
OneMax,tournament_5,two_point,average,146,146,0,
OneMax,tournament_5,two_point,average,146,146,0,
OneMax,tournament_5,two_point,average,146,146,0,
OneMax,tournament_5,two_point,strong,146,146,0,
OneMax,tournament_5,two_point,strong,146,146,0,
OneMax,tournament_5,two_point,strong,146,146,0,
OneMax,tournament_5,uniform_2,weak,146,146,0,
OneMax,tournament_5,uniform_2,weak,146,146,0,
OneMax,tournament_5,uniform_2,weak,146,146,0,
OneMax,tournament_5,uniform_2,average,146,146,1,144.0
OneMax,tournament_5,uniform_2,average,146,146,0,
OneMax,tournament_5,uniform_2,average,146,146,0,
OneMax,tournament_5,uniform_2,strong,146,146,0,
OneMax,tournament_5,uniform_2,strong,146,146,0,
OneMax,tournament_5,uniform_2,strong,146,146,1,141.0
OneMax,tournament_5,uniform_7,weak,146,146,1,94.0
OneMax,tournament_5,uniform_7,weak,146,146,1,90.0
OneMax,tournament_5,uniform_7,weak,146,146,0,
OneMax,tournament_5,uniform_7,average,146,146,1,91.0
OneMax,tournament_5,uniform_7,average,146,146,1,87.0
OneMax,tournament_5,uniform_7,average,146,146,1,79.0
OneMax,tournament_5,uniform_7,strong,146,146,1,84.0
OneMax,tournament_5,uniform_7,strong,146,146,1,109.0
OneMax,tournament_5,uniform_7,strong,146,146,1,101.0
OneMax,tournament_5,uniform_prop_2,weak,146,146,0,
OneMax,tournament_5,uniform_prop_2,weak,146,146,0,
OneMax,tournament_5,uniform_prop_2,weak,146,146,0,
OneMax,tournament_5,uniform_prop_2,average,146,146,1,135.0
OneMax,tournament_5,uniform_prop_2,average,146,146,1,129.0
OneMax,tournament_5,uniform_prop_2,average,146,146,1,127.0
OneMax,tournament_5,uniform_prop_2,strong,146,146,0,
OneMax,tournament_5,uniform_prop_2,strong,146,146,0,
OneMax,tournament_5,uniform_prop_2,strong,146,146,1,145.0
OneMax,tournament_5,uniform_prop_7,weak,146,146,1,108.0
OneMax,tournament_5,uniform_prop_7,weak,146,146,1,135.0
OneMax,tournament_5,uniform_prop_7,weak,146,146,1,109.0
OneMax,tournament_5,uniform_prop_7,average,146,146,1,81.0
OneMax,tournament_5,uniform_prop_7,average,146,146,1,63.0
OneMax,tournament_5,uniform_prop_7,average,146,146,1,73.0
OneMax,tournament_5,uniform_prop_7,strong,146,146,1,83.0
OneMax,tournament_5,uniform_prop_7,strong,146,146,1,75.0
OneMax,tournament_5,uniform_prop_7,strong,146,146,1,82.0
OneMax,tournament_5,uniform_rank_2,weak,146,146,0,
OneMax,tournament_5,uniform_rank_2,weak,146,146,0,
OneMax,tournament_5,uniform_rank_2,weak,146,146,0,
OneMax,tournament_5,uniform_rank_2,average,146,146,1,128.0
OneMax,tournament_5,uniform_rank_2,average,146,146,1,132.0
OneMax,tournament_5,uniform_rank_2,average,146,146,1,130.0
OneMax,tournament_5,uniform_rank_2,strong,146,146,0,
OneMax,tournament_5,uniform_rank_2,strong,146,146,0,
OneMax,tournament_5,uniform_rank_2,strong,146,146,1,132.0
OneMax,tournament_5,uniform_rank_7,weak,146,146,1,140.0
OneMax,tournament_5,uniform_rank_7,weak,146,146,1,107.0
OneMax,tournament_5,uniform_rank_7,weak,146,146,1,104.0
OneMax,tournament_5,uniform_rank_7,average,146,146,1,79.0
OneMax,tournament_5,uniform_rank_7,average,146,146,1,87.0
OneMax,tournament_5,uniform_rank_7,average,146,146,1,71.0
OneMax,tournament_5,uniform_rank_7,strong,146,146,1,72.0
OneMax,tournament_5,uniform_rank_7,strong,146,146,1,98.0
OneMax,tournament_5,uniform_rank_7,strong,146,146,1,100.0
OneMax,tournament_5,uniform_tour_3,weak,146,146,0,
OneMax,tournament_5,uniform_tour_3,weak,146,146,0,
OneMax,tournament_5,uniform_tour_3,weak,146,146,0,
OneMax,tournament_5,uniform_tour_3,average,146,146,0,
OneMax,tournament_5,uniform_tour_3,average,146,146,0,
OneMax,tournament_5,uniform_tour_3,average,146,146,0,
OneMax,tournament_5,uniform_tour_3,strong,146,146,0,
OneMax,tournament_5,uniform_tour_3,strong,146,146,0,
OneMax,tournament_5,uniform_tour_3,strong,146,146,0,
OneMax,tournament_5,uniform_tour_7,weak,146,146,0,
OneMax,tournament_5,uniform_tour_7,weak,146,146,0,
OneMax,tournament_5,uniform_tour_7,weak,146,146,0,
OneMax,tournament_5,uniform_tour_7,average,146,146,1,142.0
OneMax,tournament_5,uniform_tour_7,average,146,146,0,
OneMax,tournament_5,uniform_tour_7,average,146,146,0,
OneMax,tournament_5,uniform_tour_7,strong,146,146,0,
OneMax,tournament_5,uniform_tour_7,strong,146,146,0,
OneMax,tournament_5,uniform_tour_7,strong,146,146,0,
OneMax,tournament_7,empty,weak,146,146,0,
OneMax,tournament_7,empty,weak,146,146,0,
OneMax,tournament_7,empty,weak,146,146,0,
OneMax,tournament_7,empty,average,146,146,0,
OneMax,tournament_7,empty,average,146,146,0,
OneMax,tournament_7,empty,average,146,146,0,
OneMax,tournament_7,empty,strong,146,146,0,
OneMax,tournament_7,empty,strong,146,146,0,
OneMax,tournament_7,empty,strong,146,146,0,
OneMax,tournament_7,one_point,weak,146,146,0,
OneMax,tournament_7,one_point,weak,146,146,0,
OneMax,tournament_7,one_point,weak,146,146,0,
OneMax,tournament_7,one_point,average,146,146,0,
OneMax,tournament_7,one_point,average,146,146,0,
OneMax,tournament_7,one_point,average,146,146,0,
OneMax,tournament_7,one_point,strong,146,146,0,
OneMax,tournament_7,one_point,strong,146,146,0,
OneMax,tournament_7,one_point,strong,146,146,0,
OneMax,tournament_7,two_point,weak,146,146,0,
OneMax,tournament_7,two_point,weak,146,146,0,
OneMax,tournament_7,two_point,weak,146,146,0,
OneMax,tournament_7,two_point,average,146,146,0,
OneMax,tournament_7,two_point,average,146,146,0,
OneMax,tournament_7,two_point,average,146,146,0,
OneMax,tournament_7,two_point,strong,146,146,0,
OneMax,tournament_7,two_point,strong,146,146,0,
OneMax,tournament_7,two_point,strong,146,146,0,
OneMax,tournament_7,uniform_2,weak,146,146,0,
OneMax,tournament_7,uniform_2,weak,146,146,0,
OneMax,tournament_7,uniform_2,weak,146,146,0,
OneMax,tournament_7,uniform_2,average,146,146,1,139.0
OneMax,tournament_7,uniform_2,average,146,146,0,
OneMax,tournament_7,uniform_2,average,146,146,0,
OneMax,tournament_7,uniform_2,strong,146,146,1,122.0
OneMax,tournament_7,uniform_2,strong,146,146,1,138.0
OneMax,tournament_7,uniform_2,strong,146,146,0,
OneMax,tournament_7,uniform_7,weak,146,146,1,108.0
OneMax,tournament_7,uniform_7,weak,146,146,0,
OneMax,tournament_7,uniform_7,weak,146,146,1,116.0
OneMax,tournament_7,uniform_7,average,146,146,1,85.0
OneMax,tournament_7,uniform_7,average,146,146,1,88.0
OneMax,tournament_7,uniform_7,average,146,146,1,89.0
OneMax,tournament_7,uniform_7,strong,146,146,1,80.0
OneMax,tournament_7,uniform_7,strong,146,146,1,76.0
OneMax,tournament_7,uniform_7,strong,146,146,1,72.0
OneMax,tournament_7,uniform_prop_2,weak,146,146,0,
OneMax,tournament_7,uniform_prop_2,weak,146,146,0,
OneMax,tournament_7,uniform_prop_2,weak,146,146,0,
OneMax,tournament_7,uniform_prop_2,average,146,146,0,
OneMax,tournament_7,uniform_prop_2,average,146,146,0,
OneMax,tournament_7,uniform_prop_2,average,146,146,0,
OneMax,tournament_7,uniform_prop_2,strong,146,146,1,136.0
OneMax,tournament_7,uniform_prop_2,strong,146,146,1,122.0
OneMax,tournament_7,uniform_prop_2,strong,146,146,1,136.0
OneMax,tournament_7,uniform_prop_7,weak,146,146,1,123.0
OneMax,tournament_7,uniform_prop_7,weak,146,146,1,122.0
OneMax,tournament_7,uniform_prop_7,weak,146,146,1,142.0
OneMax,tournament_7,uniform_prop_7,average,146,146,1,89.0
OneMax,tournament_7,uniform_prop_7,average,146,146,1,85.0
OneMax,tournament_7,uniform_prop_7,average,146,146,1,74.0
OneMax,tournament_7,uniform_prop_7,strong,146,146,1,82.0
OneMax,tournament_7,uniform_prop_7,strong,146,146,1,84.0
OneMax,tournament_7,uniform_prop_7,strong,146,146,1,87.0
OneMax,tournament_7,uniform_rank_2,weak,146,146,0,
OneMax,tournament_7,uniform_rank_2,weak,146,146,0,
OneMax,tournament_7,uniform_rank_2,weak,146,146,0,
OneMax,tournament_7,uniform_rank_2,average,146,146,1,121.0
OneMax,tournament_7,uniform_rank_2,average,146,146,1,136.0
OneMax,tournament_7,uniform_rank_2,average,146,146,1,122.0
OneMax,tournament_7,uniform_rank_2,strong,146,146,0,
OneMax,tournament_7,uniform_rank_2,strong,146,146,0,
OneMax,tournament_7,uniform_rank_2,strong,146,146,1,135.0
OneMax,tournament_7,uniform_rank_7,weak,146,146,1,101.0
OneMax,tournament_7,uniform_rank_7,weak,146,146,1,106.0
OneMax,tournament_7,uniform_rank_7,weak,146,146,0,
OneMax,tournament_7,uniform_rank_7,average,146,146,1,84.0
OneMax,tournament_7,uniform_rank_7,average,146,146,1,77.0
OneMax,tournament_7,uniform_rank_7,average,146,146,1,84.0
OneMax,tournament_7,uniform_rank_7,strong,146,146,1,72.0
OneMax,tournament_7,uniform_rank_7,strong,146,146,1,70.0
OneMax,tournament_7,uniform_rank_7,strong,146,146,1,74.0
OneMax,tournament_7,uniform_tour_3,weak,146,146,0,
OneMax,tournament_7,uniform_tour_3,weak,146,146,0,
OneMax,tournament_7,uniform_tour_3,weak,146,146,0,
OneMax,tournament_7,uniform_tour_3,average,146,146,0,
OneMax,tournament_7,uniform_tour_3,average,146,146,0,
OneMax,tournament_7,uniform_tour_3,average,146,146,0,
OneMax,tournament_7,uniform_tour_3,strong,146,146,0,
OneMax,tournament_7,uniform_tour_3,strong,146,146,0,
OneMax,tournament_7,uniform_tour_3,strong,146,146,0,
OneMax,tournament_7,uniform_tour_7,weak,146,146,0,
OneMax,tournament_7,uniform_tour_7,weak,146,146,0,
OneMax,tournament_7,uniform_tour_7,weak,146,146,0,
OneMax,tournament_7,uniform_tour_7,average,146,146,0,
OneMax,tournament_7,uniform_tour_7,average,146,146,0,
OneMax,tournament_7,uniform_tour_7,average,146,146,0,
OneMax,tournament_7,uniform_tour_7,strong,146,146,0,
OneMax,tournament_7,uniform_tour_7,strong,146,146,1,133.0
OneMax,tournament_7,uniform_tour_7,strong,146,146,0,
ZeroOne,proportional,empty,weak,230,230,0,
ZeroOne,proportional,empty,weak,230,230,0,
ZeroOne,proportional,empty,weak,230,230,0,
ZeroOne,proportional,empty,average,230,230,0,
ZeroOne,proportional,empty,average,230,230,0,
ZeroOne,proportional,empty,average,230,230,0,
ZeroOne,proportional,empty,strong,230,230,0,
ZeroOne,proportional,empty,strong,230,230,0,
ZeroOne,proportional,empty,strong,230,230,0,
ZeroOne,proportional,one_point,weak,230,230,0,
ZeroOne,proportional,one_point,weak,230,230,0,
ZeroOne,proportional,one_point,weak,230,230,0,
ZeroOne,proportional,one_point,average,230,230,0,
ZeroOne,proportional,one_point,average,230,230,0,
ZeroOne,proportional,one_point,average,230,230,0,
ZeroOne,proportional,one_point,strong,230,230,0,
ZeroOne,proportional,one_point,strong,230,230,0,
ZeroOne,proportional,one_point,strong,230,230,0,
ZeroOne,proportional,two_point,weak,230,230,0,
ZeroOne,proportional,two_point,weak,230,230,0,
ZeroOne,proportional,two_point,weak,230,230,0,
ZeroOne,proportional,two_point,average,230,230,0,
ZeroOne,proportional,two_point,average,230,230,0,
ZeroOne,proportional,two_point,average,230,230,0,
ZeroOne,proportional,two_point,strong,230,230,0,
ZeroOne,proportional,two_point,strong,230,230,0,
ZeroOne,proportional,two_point,strong,230,230,0,
ZeroOne,proportional,uniform_2,weak,230,230,0,
ZeroOne,proportional,uniform_2,weak,230,230,0,
ZeroOne,proportional,uniform_2,weak,230,230,0,
ZeroOne,proportional,uniform_2,average,230,230,0,
ZeroOne,proportional,uniform_2,average,230,230,0,
ZeroOne,proportional,uniform_2,average,230,230,0,
ZeroOne,proportional,uniform_2,strong,230,230,0,
ZeroOne,proportional,uniform_2,strong,230,230,0,
ZeroOne,proportional,uniform_2,strong,230,230,0,
ZeroOne,proportional,uniform_7,weak,230,230,0,
ZeroOne,proportional,uniform_7,weak,230,230,0,
ZeroOne,proportional,uniform_7,weak,230,230,0,
ZeroOne,proportional,uniform_7,average,230,230,0,
ZeroOne,proportional,uniform_7,average,230,230,0,
ZeroOne,proportional,uniform_7,average,230,230,0,
ZeroOne,proportional,uniform_7,strong,230,230,0,
ZeroOne,proportional,uniform_7,strong,230,230,0,
ZeroOne,proportional,uniform_7,strong,230,230,0,
ZeroOne,proportional,uniform_prop_2,weak,230,230,0,
ZeroOne,proportional,uniform_prop_2,weak,230,230,0,
ZeroOne,proportional,uniform_prop_2,weak,230,230,0,
ZeroOne,proportional,uniform_prop_2,average,230,230,0,
ZeroOne,proportional,uniform_prop_2,average,230,230,0,
ZeroOne,proportional,uniform_prop_2,average,230,230,0,
ZeroOne,proportional,uniform_prop_2,strong,230,230,0,
ZeroOne,proportional,uniform_prop_2,strong,230,230,0,
ZeroOne,proportional,uniform_prop_2,strong,230,230,0,
ZeroOne,proportional,uniform_prop_7,weak,230,230,1,180.0
ZeroOne,proportional,uniform_prop_7,weak,230,230,1,119.0
ZeroOne,proportional,uniform_prop_7,weak,230,230,1,178.0
ZeroOne,proportional,uniform_prop_7,average,230,230,1,162.0
ZeroOne,proportional,uniform_prop_7,average,230,230,1,115.0
ZeroOne,proportional,uniform_prop_7,average,230,230,0,
ZeroOne,proportional,uniform_prop_7,strong,230,230,0,
ZeroOne,proportional,uniform_prop_7,strong,230,230,0,
ZeroOne,proportional,uniform_prop_7,strong,230,230,0,
ZeroOne,proportional,uniform_rank_2,weak,230,230,0,
ZeroOne,proportional,uniform_rank_2,weak,230,230,0,
ZeroOne,proportional,uniform_rank_2,weak,230,230,0,
ZeroOne,proportional,uniform_rank_2,average,230,230,0,
ZeroOne,proportional,uniform_rank_2,average,230,230,0,
ZeroOne,proportional,uniform_rank_2,average,230,230,0,
ZeroOne,proportional,uniform_rank_2,strong,230,230,0,
ZeroOne,proportional,uniform_rank_2,strong,230,230,0,
ZeroOne,proportional,uniform_rank_2,strong,230,230,0,
ZeroOne,proportional,uniform_rank_7,weak,230,230,1,151.0
ZeroOne,proportional,uniform_rank_7,weak,230,230,1,110.0
ZeroOne,proportional,uniform_rank_7,weak,230,230,1,112.0
ZeroOne,proportional,uniform_rank_7,average,230,230,1,90.0
ZeroOne,proportional,uniform_rank_7,average,230,230,0,
ZeroOne,proportional,uniform_rank_7,average,230,230,1,110.0
ZeroOne,proportional,uniform_rank_7,strong,230,230,0,
ZeroOne,proportional,uniform_rank_7,strong,230,230,0,
ZeroOne,proportional,uniform_rank_7,strong,230,230,0,
ZeroOne,proportional,uniform_tour_3,weak,230,230,0,
ZeroOne,proportional,uniform_tour_3,weak,230,230,0,
ZeroOne,proportional,uniform_tour_3,weak,230,230,0,
ZeroOne,proportional,uniform_tour_3,average,230,230,0,
ZeroOne,proportional,uniform_tour_3,average,230,230,0,
ZeroOne,proportional,uniform_tour_3,average,230,230,0,
ZeroOne,proportional,uniform_tour_3,strong,230,230,0,
ZeroOne,proportional,uniform_tour_3,strong,230,230,0,
ZeroOne,proportional,uniform_tour_3,strong,230,230,0,
ZeroOne,proportional,uniform_tour_7,weak,230,230,0,
ZeroOne,proportional,uniform_tour_7,weak,230,230,0,
ZeroOne,proportional,uniform_tour_7,weak,230,230,0,
ZeroOne,proportional,uniform_tour_7,average,230,230,0,
ZeroOne,proportional,uniform_tour_7,average,230,230,0,
ZeroOne,proportional,uniform_tour_7,average,230,230,0,
ZeroOne,proportional,uniform_tour_7,strong,230,230,0,
ZeroOne,proportional,uniform_tour_7,strong,230,230,0,
ZeroOne,proportional,uniform_tour_7,strong,230,230,0,
ZeroOne,rank,empty,weak,230,230,0,
ZeroOne,rank,empty,weak,230,230,0,
ZeroOne,rank,empty,weak,230,230,0,
ZeroOne,rank,empty,average,230,230,0,
ZeroOne,rank,empty,average,230,230,0,
ZeroOne,rank,empty,average,230,230,0,
ZeroOne,rank,empty,strong,230,230,0,
ZeroOne,rank,empty,strong,230,230,0,
ZeroOne,rank,empty,strong,230,230,0,
ZeroOne,rank,one_point,weak,230,230,0,
ZeroOne,rank,one_point,weak,230,230,0,
ZeroOne,rank,one_point,weak,230,230,0,
ZeroOne,rank,one_point,average,230,230,0,
ZeroOne,rank,one_point,average,230,230,0,
ZeroOne,rank,one_point,average,230,230,0,
ZeroOne,rank,one_point,strong,230,230,0,
ZeroOne,rank,one_point,strong,230,230,0,
ZeroOne,rank,one_point,strong,230,230,0,
ZeroOne,rank,two_point,weak,230,230,0,
ZeroOne,rank,two_point,weak,230,230,0,
ZeroOne,rank,two_point,weak,230,230,0,
ZeroOne,rank,two_point,average,230,230,0,
ZeroOne,rank,two_point,average,230,230,0,
ZeroOne,rank,two_point,average,230,230,0,
ZeroOne,rank,two_point,strong,230,230,0,
ZeroOne,rank,two_point,strong,230,230,0,
ZeroOne,rank,two_point,strong,230,230,0,
ZeroOne,rank,uniform_2,weak,230,230,0,
ZeroOne,rank,uniform_2,weak,230,230,0,
ZeroOne,rank,uniform_2,weak,230,230,0,
ZeroOne,rank,uniform_2,average,230,230,0,
ZeroOne,rank,uniform_2,average,230,230,0,
ZeroOne,rank,uniform_2,average,230,230,0,
ZeroOne,rank,uniform_2,strong,230,230,0,
ZeroOne,rank,uniform_2,strong,230,230,0,
ZeroOne,rank,uniform_2,strong,230,230,0,
ZeroOne,rank,uniform_7,weak,230,230,0,
ZeroOne,rank,uniform_7,weak,230,230,1,146.0
ZeroOne,rank,uniform_7,weak,230,230,0,
ZeroOne,rank,uniform_7,average,230,230,0,
ZeroOne,rank,uniform_7,average,230,230,1,169.0
ZeroOne,rank,uniform_7,average,230,230,0,
ZeroOne,rank,uniform_7,strong,230,230,0,
ZeroOne,rank,uniform_7,strong,230,230,0,
ZeroOne,rank,uniform_7,strong,230,230,0,
ZeroOne,rank,uniform_prop_2,weak,230,230,0,
ZeroOne,rank,uniform_prop_2,weak,230,230,0,
ZeroOne,rank,uniform_prop_2,weak,230,230,0,
ZeroOne,rank,uniform_prop_2,average,230,230,0,
ZeroOne,rank,uniform_prop_2,average,230,230,0,
ZeroOne,rank,uniform_prop_2,average,230,230,0,
ZeroOne,rank,uniform_prop_2,strong,230,230,0,
ZeroOne,rank,uniform_prop_2,strong,230,230,0,
ZeroOne,rank,uniform_prop_2,strong,230,230,0,
ZeroOne,rank,uniform_prop_7,weak,230,230,0,
ZeroOne,rank,uniform_prop_7,weak,230,230,1,153.0
ZeroOne,rank,uniform_prop_7,weak,230,230,1,85.0
ZeroOne,rank,uniform_prop_7,average,230,230,1,100.0
ZeroOne,rank,uniform_prop_7,average,230,230,1,216.0
ZeroOne,rank,uniform_prop_7,average,230,230,1,87.0
ZeroOne,rank,uniform_prop_7,strong,230,230,0,
ZeroOne,rank,uniform_prop_7,strong,230,230,0,
ZeroOne,rank,uniform_prop_7,strong,230,230,0,
ZeroOne,rank,uniform_rank_2,weak,230,230,0,
ZeroOne,rank,uniform_rank_2,weak,230,230,0,
ZeroOne,rank,uniform_rank_2,weak,230,230,0,
ZeroOne,rank,uniform_rank_2,average,230,230,1,199.0
ZeroOne,rank,uniform_rank_2,average,230,230,0,
ZeroOne,rank,uniform_rank_2,average,230,230,0,
ZeroOne,rank,uniform_rank_2,strong,230,230,0,
ZeroOne,rank,uniform_rank_2,strong,230,230,0,
ZeroOne,rank,uniform_rank_2,strong,230,230,0,
ZeroOne,rank,uniform_rank_7,weak,230,230,0,
ZeroOne,rank,uniform_rank_7,weak,230,230,1,72.0
ZeroOne,rank,uniform_rank_7,weak,230,230,1,75.0
ZeroOne,rank,uniform_rank_7,average,230,230,1,94.0
ZeroOne,rank,uniform_rank_7,average,230,230,1,93.0
ZeroOne,rank,uniform_rank_7,average,230,230,1,214.0
ZeroOne,rank,uniform_rank_7,strong,230,230,0,
ZeroOne,rank,uniform_rank_7,strong,230,230,0,
ZeroOne,rank,uniform_rank_7,strong,230,230,0,
ZeroOne,rank,uniform_tour_3,weak,230,230,0,
ZeroOne,rank,uniform_tour_3,weak,230,230,0,
ZeroOne,rank,uniform_tour_3,weak,230,230,0,
ZeroOne,rank,uniform_tour_3,average,230,230,0,
ZeroOne,rank,uniform_tour_3,average,230,230,0,
ZeroOne,rank,uniform_tour_3,average,230,230,0,
ZeroOne,rank,uniform_tour_3,strong,230,230,0,
ZeroOne,rank,uniform_tour_3,strong,230,230,0,
ZeroOne,rank,uniform_tour_3,strong,230,230,0,
ZeroOne,rank,uniform_tour_7,weak,230,230,0,
ZeroOne,rank,uniform_tour_7,weak,230,230,0,
ZeroOne,rank,uniform_tour_7,weak,230,230,0,
ZeroOne,rank,uniform_tour_7,average,230,230,0,
ZeroOne,rank,uniform_tour_7,average,230,230,0,
ZeroOne,rank,uniform_tour_7,average,230,230,0,
ZeroOne,rank,uniform_tour_7,strong,230,230,0,
ZeroOne,rank,uniform_tour_7,strong,230,230,0,
ZeroOne,rank,uniform_tour_7,strong,230,230,0,
ZeroOne,tournament_3,empty,weak,230,230,0,
ZeroOne,tournament_3,empty,weak,230,230,0,
ZeroOne,tournament_3,empty,weak,230,230,0,
ZeroOne,tournament_3,empty,average,230,230,0,
ZeroOne,tournament_3,empty,average,230,230,0,
ZeroOne,tournament_3,empty,average,230,230,0,
ZeroOne,tournament_3,empty,strong,230,230,0,
ZeroOne,tournament_3,empty,strong,230,230,0,
ZeroOne,tournament_3,empty,strong,230,230,0,
ZeroOne,tournament_3,one_point,weak,230,230,0,
ZeroOne,tournament_3,one_point,weak,230,230,0,
ZeroOne,tournament_3,one_point,weak,230,230,0,
ZeroOne,tournament_3,one_point,average,230,230,0,
ZeroOne,tournament_3,one_point,average,230,230,0,
ZeroOne,tournament_3,one_point,average,230,230,0,
ZeroOne,tournament_3,one_point,strong,230,230,0,
ZeroOne,tournament_3,one_point,strong,230,230,0,
ZeroOne,tournament_3,one_point,strong,230,230,0,
ZeroOne,tournament_3,two_point,weak,230,230,0,
ZeroOne,tournament_3,two_point,weak,230,230,0,
ZeroOne,tournament_3,two_point,weak,230,230,0,
ZeroOne,tournament_3,two_point,average,230,230,0,
ZeroOne,tournament_3,two_point,average,230,230,0,
ZeroOne,tournament_3,two_point,average,230,230,0,
ZeroOne,tournament_3,two_point,strong,230,230,0,
ZeroOne,tournament_3,two_point,strong,230,230,0,
ZeroOne,tournament_3,two_point,strong,230,230,0,
ZeroOne,tournament_3,uniform_2,weak,230,230,0,
ZeroOne,tournament_3,uniform_2,weak,230,230,0,
ZeroOne,tournament_3,uniform_2,weak,230,230,0,
ZeroOne,tournament_3,uniform_2,average,230,230,0,
ZeroOne,tournament_3,uniform_2,average,230,230,1,230.0
ZeroOne,tournament_3,uniform_2,average,230,230,0,
ZeroOne,tournament_3,uniform_2,strong,230,230,0,
ZeroOne,tournament_3,uniform_2,strong,230,230,0,
ZeroOne,tournament_3,uniform_2,strong,230,230,0,
ZeroOne,tournament_3,uniform_7,weak,230,230,1,121.0
ZeroOne,tournament_3,uniform_7,weak,230,230,1,83.0
ZeroOne,tournament_3,uniform_7,weak,230,230,1,84.0
ZeroOne,tournament_3,uniform_7,average,230,230,1,87.0
ZeroOne,tournament_3,uniform_7,average,230,230,1,86.0
ZeroOne,tournament_3,uniform_7,average,230,230,1,83.0
ZeroOne,tournament_3,uniform_7,strong,230,230,0,
ZeroOne,tournament_3,uniform_7,strong,230,230,0,
ZeroOne,tournament_3,uniform_7,strong,230,230,0,
ZeroOne,tournament_3,uniform_prop_2,weak,230,230,0,
ZeroOne,tournament_3,uniform_prop_2,weak,230,230,0,
ZeroOne,tournament_3,uniform_prop_2,weak,230,230,0,
ZeroOne,tournament_3,uniform_prop_2,average,230,230,0,
ZeroOne,tournament_3,uniform_prop_2,average,230,230,0,
ZeroOne,tournament_3,uniform_prop_2,average,230,230,0,
ZeroOne,tournament_3,uniform_prop_2,strong,230,230,0,
ZeroOne,tournament_3,uniform_prop_2,strong,230,230,0,
ZeroOne,tournament_3,uniform_prop_2,strong,230,230,0,
ZeroOne,tournament_3,uniform_prop_7,weak,230,230,0,
ZeroOne,tournament_3,uniform_prop_7,weak,230,230,0,
ZeroOne,tournament_3,uniform_prop_7,weak,230,230,0,
ZeroOne,tournament_3,uniform_prop_7,average,230,230,1,74.0
ZeroOne,tournament_3,uniform_prop_7,average,230,230,1,66.0
ZeroOne,tournament_3,uniform_prop_7,average,230,230,1,189.0
ZeroOne,tournament_3,uniform_prop_7,strong,230,230,0,
ZeroOne,tournament_3,uniform_prop_7,strong,230,230,0,
ZeroOne,tournament_3,uniform_prop_7,strong,230,230,1,189.0
ZeroOne,tournament_3,uniform_rank_2,weak,230,230,0,
ZeroOne,tournament_3,uniform_rank_2,weak,230,230,0,
ZeroOne,tournament_3,uniform_rank_2,weak,230,230,0,
ZeroOne,tournament_3,uniform_rank_2,average,230,230,0,
ZeroOne,tournament_3,uniform_rank_2,average,230,230,0,
ZeroOne,tournament_3,uniform_rank_2,average,230,230,0,
ZeroOne,tournament_3,uniform_rank_2,strong,230,230,0,
ZeroOne,tournament_3,uniform_rank_2,strong,230,230,0,
ZeroOne,tournament_3,uniform_rank_2,strong,230,230,0,
ZeroOne,tournament_3,uniform_rank_7,weak,230,230,1,61.0
ZeroOne,tournament_3,uniform_rank_7,weak,230,230,1,76.0
ZeroOne,tournament_3,uniform_rank_7,weak,230,230,0,
ZeroOne,tournament_3,uniform_rank_7,average,230,230,1,210.0
ZeroOne,tournament_3,uniform_rank_7,average,230,230,1,69.0
ZeroOne,tournament_3,uniform_rank_7,average,230,230,1,88.0
ZeroOne,tournament_3,uniform_rank_7,strong,230,230,0,
ZeroOne,tournament_3,uniform_rank_7,strong,230,230,1,207.0
ZeroOne,tournament_3,uniform_rank_7,strong,230,230,0,
ZeroOne,tournament_3,uniform_tour_3,weak,230,230,0,
ZeroOne,tournament_3,uniform_tour_3,weak,230,230,0,
ZeroOne,tournament_3,uniform_tour_3,weak,230,230,0,
ZeroOne,tournament_3,uniform_tour_3,average,230,230,0,
ZeroOne,tournament_3,uniform_tour_3,average,230,230,0,
ZeroOne,tournament_3,uniform_tour_3,average,230,230,1,187.0
ZeroOne,tournament_3,uniform_tour_3,strong,230,230,0,
ZeroOne,tournament_3,uniform_tour_3,strong,230,230,0,
ZeroOne,tournament_3,uniform_tour_3,strong,230,230,0,
ZeroOne,tournament_3,uniform_tour_7,weak,230,230,0,
ZeroOne,tournament_3,uniform_tour_7,weak,230,230,0,
ZeroOne,tournament_3,uniform_tour_7,weak,230,230,0,
ZeroOne,tournament_3,uniform_tour_7,average,230,230,0,
ZeroOne,tournament_3,uniform_tour_7,average,230,230,0,
ZeroOne,tournament_3,uniform_tour_7,average,230,230,0,
ZeroOne,tournament_3,uniform_tour_7,strong,230,230,0,
ZeroOne,tournament_3,uniform_tour_7,strong,230,230,0,
ZeroOne,tournament_3,uniform_tour_7,strong,230,230,0,
ZeroOne,tournament_5,empty,weak,230,230,0,
ZeroOne,tournament_5,empty,weak,230,230,0,
ZeroOne,tournament_5,empty,weak,230,230,0,
ZeroOne,tournament_5,empty,average,230,230,0,
ZeroOne,tournament_5,empty,average,230,230,0,
ZeroOne,tournament_5,empty,average,230,230,0,
ZeroOne,tournament_5,empty,strong,230,230,0,
ZeroOne,tournament_5,empty,strong,230,230,0,
ZeroOne,tournament_5,empty,strong,230,230,0,
ZeroOne,tournament_5,one_point,weak,230,230,0,
ZeroOne,tournament_5,one_point,weak,230,230,0,
ZeroOne,tournament_5,one_point,weak,230,230,0,
ZeroOne,tournament_5,one_point,average,230,230,0,
ZeroOne,tournament_5,one_point,average,230,230,0,
ZeroOne,tournament_5,one_point,average,230,230,0,
ZeroOne,tournament_5,one_point,strong,230,230,0,
ZeroOne,tournament_5,one_point,strong,230,230,0,
ZeroOne,tournament_5,one_point,strong,230,230,0,
ZeroOne,tournament_5,two_point,weak,230,230,0,
ZeroOne,tournament_5,two_point,weak,230,230,0,
ZeroOne,tournament_5,two_point,weak,230,230,0,
ZeroOne,tournament_5,two_point,average,230,230,0,
ZeroOne,tournament_5,two_point,average,230,230,0,
ZeroOne,tournament_5,two_point,average,230,230,0,
ZeroOne,tournament_5,two_point,strong,230,230,0,
ZeroOne,tournament_5,two_point,strong,230,230,0,
ZeroOne,tournament_5,two_point,strong,230,230,0,
ZeroOne,tournament_5,uniform_2,weak,230,230,0,
ZeroOne,tournament_5,uniform_2,weak,230,230,0,
ZeroOne,tournament_5,uniform_2,weak,230,230,0,
ZeroOne,tournament_5,uniform_2,average,230,230,0,
ZeroOne,tournament_5,uniform_2,average,230,230,0,
ZeroOne,tournament_5,uniform_2,average,230,230,0,
ZeroOne,tournament_5,uniform_2,strong,230,230,0,
ZeroOne,tournament_5,uniform_2,strong,230,230,0,
ZeroOne,tournament_5,uniform_2,strong,230,230,0,
ZeroOne,tournament_5,uniform_7,weak,230,230,0,
ZeroOne,tournament_5,uniform_7,weak,230,230,1,86.0
ZeroOne,tournament_5,uniform_7,weak,230,230,0,
ZeroOne,tournament_5,uniform_7,average,230,230,1,202.0
ZeroOne,tournament_5,uniform_7,average,230,230,1,119.0
ZeroOne,tournament_5,uniform_7,average,230,230,1,134.0
ZeroOne,tournament_5,uniform_7,strong,230,230,1,97.0
ZeroOne,tournament_5,uniform_7,strong,230,230,1,92.0
ZeroOne,tournament_5,uniform_7,strong,230,230,1,89.0
ZeroOne,tournament_5,uniform_prop_2,weak,230,230,0,
ZeroOne,tournament_5,uniform_prop_2,weak,230,230,0,
ZeroOne,tournament_5,uniform_prop_2,weak,230,230,0,
ZeroOne,tournament_5,uniform_prop_2,average,230,230,0,
ZeroOne,tournament_5,uniform_prop_2,average,230,230,0,
ZeroOne,tournament_5,uniform_prop_2,average,230,230,0,
ZeroOne,tournament_5,uniform_prop_2,strong,230,230,0,
ZeroOne,tournament_5,uniform_prop_2,strong,230,230,0,
ZeroOne,tournament_5,uniform_prop_2,strong,230,230,0,
ZeroOne,tournament_5,uniform_prop_7,weak,230,230,1,227.0
ZeroOne,tournament_5,uniform_prop_7,weak,230,230,0,
ZeroOne,tournament_5,uniform_prop_7,weak,230,230,1,132.0
ZeroOne,tournament_5,uniform_prop_7,average,230,230,1,75.0
ZeroOne,tournament_5,uniform_prop_7,average,230,230,1,125.0
ZeroOne,tournament_5,uniform_prop_7,average,230,230,1,76.0
ZeroOne,tournament_5,uniform_prop_7,strong,230,230,1,86.0
ZeroOne,tournament_5,uniform_prop_7,strong,230,230,1,73.0
ZeroOne,tournament_5,uniform_prop_7,strong,230,230,1,117.0
ZeroOne,tournament_5,uniform_rank_2,weak,230,230,0,
ZeroOne,tournament_5,uniform_rank_2,weak,230,230,0,
ZeroOne,tournament_5,uniform_rank_2,weak,230,230,0,
ZeroOne,tournament_5,uniform_rank_2,average,230,230,0,
ZeroOne,tournament_5,uniform_rank_2,average,230,230,0,
ZeroOne,tournament_5,uniform_rank_2,average,230,230,0,
ZeroOne,tournament_5,uniform_rank_2,strong,230,230,0,
ZeroOne,tournament_5,uniform_rank_2,strong,230,230,0,
ZeroOne,tournament_5,uniform_rank_2,strong,230,230,0,
ZeroOne,tournament_5,uniform_rank_7,weak,230,230,0,
ZeroOne,tournament_5,uniform_rank_7,weak,230,230,0,
ZeroOne,tournament_5,uniform_rank_7,weak,230,230,1,64.0
ZeroOne,tournament_5,uniform_rank_7,average,230,230,1,214.0
ZeroOne,tournament_5,uniform_rank_7,average,230,230,1,140.0
ZeroOne,tournament_5,uniform_rank_7,average,230,230,0,
ZeroOne,tournament_5,uniform_rank_7,strong,230,230,1,90.0
ZeroOne,tournament_5,uniform_rank_7,strong,230,230,1,109.0
ZeroOne,tournament_5,uniform_rank_7,strong,230,230,1,118.0
ZeroOne,tournament_5,uniform_tour_3,weak,230,230,0,
ZeroOne,tournament_5,uniform_tour_3,weak,230,230,0,
ZeroOne,tournament_5,uniform_tour_3,weak,230,230,0,
ZeroOne,tournament_5,uniform_tour_3,average,230,230,0,
ZeroOne,tournament_5,uniform_tour_3,average,230,230,0,
ZeroOne,tournament_5,uniform_tour_3,average,230,230,0,
ZeroOne,tournament_5,uniform_tour_3,strong,230,230,0,
ZeroOne,tournament_5,uniform_tour_3,strong,230,230,0,
ZeroOne,tournament_5,uniform_tour_3,strong,230,230,0,
ZeroOne,tournament_5,uniform_tour_7,weak,230,230,0,
ZeroOne,tournament_5,uniform_tour_7,weak,230,230,0,
ZeroOne,tournament_5,uniform_tour_7,weak,230,230,0,
ZeroOne,tournament_5,uniform_tour_7,average,230,230,0,
ZeroOne,tournament_5,uniform_tour_7,average,230,230,0,
ZeroOne,tournament_5,uniform_tour_7,average,230,230,0,
ZeroOne,tournament_5,uniform_tour_7,strong,230,230,0,
ZeroOne,tournament_5,uniform_tour_7,strong,230,230,0,
ZeroOne,tournament_5,uniform_tour_7,strong,230,230,0,
ZeroOne,tournament_7,empty,weak,230,230,0,
ZeroOne,tournament_7,empty,weak,230,230,0,
ZeroOne,tournament_7,empty,weak,230,230,0,
ZeroOne,tournament_7,empty,average,230,230,0,
ZeroOne,tournament_7,empty,average,230,230,0,
ZeroOne,tournament_7,empty,average,230,230,0,
ZeroOne,tournament_7,empty,strong,230,230,0,
ZeroOne,tournament_7,empty,strong,230,230,0,
ZeroOne,tournament_7,empty,strong,230,230,0,
ZeroOne,tournament_7,one_point,weak,230,230,0,
ZeroOne,tournament_7,one_point,weak,230,230,0,
ZeroOne,tournament_7,one_point,weak,230,230,0,
ZeroOne,tournament_7,one_point,average,230,230,0,
ZeroOne,tournament_7,one_point,average,230,230,0,
ZeroOne,tournament_7,one_point,average,230,230,0,
ZeroOne,tournament_7,one_point,strong,230,230,0,
ZeroOne,tournament_7,one_point,strong,230,230,0,
ZeroOne,tournament_7,one_point,strong,230,230,0,
ZeroOne,tournament_7,two_point,weak,230,230,0,
ZeroOne,tournament_7,two_point,weak,230,230,0,
ZeroOne,tournament_7,two_point,weak,230,230,0,
ZeroOne,tournament_7,two_point,average,230,230,0,
ZeroOne,tournament_7,two_point,average,230,230,0,
ZeroOne,tournament_7,two_point,average,230,230,0,
ZeroOne,tournament_7,two_point,strong,230,230,0,
ZeroOne,tournament_7,two_point,strong,230,230,0,
ZeroOne,tournament_7,two_point,strong,230,230,0,
ZeroOne,tournament_7,uniform_2,weak,230,230,0,
ZeroOne,tournament_7,uniform_2,weak,230,230,0,
ZeroOne,tournament_7,uniform_2,weak,230,230,0,
ZeroOne,tournament_7,uniform_2,average,230,230,0,
ZeroOne,tournament_7,uniform_2,average,230,230,0,
ZeroOne,tournament_7,uniform_2,average,230,230,0,
ZeroOne,tournament_7,uniform_2,strong,230,230,0,
ZeroOne,tournament_7,uniform_2,strong,230,230,0,
ZeroOne,tournament_7,uniform_2,strong,230,230,0,
ZeroOne,tournament_7,uniform_7,weak,230,230,0,
ZeroOne,tournament_7,uniform_7,weak,230,230,1,191.0
ZeroOne,tournament_7,uniform_7,weak,230,230,0,
ZeroOne,tournament_7,uniform_7,average,230,230,1,173.0
ZeroOne,tournament_7,uniform_7,average,230,230,0,
ZeroOne,tournament_7,uniform_7,average,230,230,1,89.0
ZeroOne,tournament_7,uniform_7,strong,230,230,1,101.0
ZeroOne,tournament_7,uniform_7,strong,230,230,1,78.0
ZeroOne,tournament_7,uniform_7,strong,230,230,1,109.0
ZeroOne,tournament_7,uniform_prop_2,weak,230,230,0,
ZeroOne,tournament_7,uniform_prop_2,weak,230,230,0,
ZeroOne,tournament_7,uniform_prop_2,weak,230,230,0,
ZeroOne,tournament_7,uniform_prop_2,average,230,230,0,
ZeroOne,tournament_7,uniform_prop_2,average,230,230,0,
ZeroOne,tournament_7,uniform_prop_2,average,230,230,0,
ZeroOne,tournament_7,uniform_prop_2,strong,230,230,0,
ZeroOne,tournament_7,uniform_prop_2,strong,230,230,0,
ZeroOne,tournament_7,uniform_prop_2,strong,230,230,0,
ZeroOne,tournament_7,uniform_prop_7,weak,230,230,1,140.0
ZeroOne,tournament_7,uniform_prop_7,weak,230,230,0,
ZeroOne,tournament_7,uniform_prop_7,weak,230,230,0,
ZeroOne,tournament_7,uniform_prop_7,average,230,230,1,139.0
ZeroOne,tournament_7,uniform_prop_7,average,230,230,0,
ZeroOne,tournament_7,uniform_prop_7,average,230,230,0,
ZeroOne,tournament_7,uniform_prop_7,strong,230,230,1,91.0
ZeroOne,tournament_7,uniform_prop_7,strong,230,230,1,96.0
ZeroOne,tournament_7,uniform_prop_7,strong,230,230,1,157.0
ZeroOne,tournament_7,uniform_rank_2,weak,230,230,0,
ZeroOne,tournament_7,uniform_rank_2,weak,230,230,0,
ZeroOne,tournament_7,uniform_rank_2,weak,230,230,0,
ZeroOne,tournament_7,uniform_rank_2,average,230,230,0,
ZeroOne,tournament_7,uniform_rank_2,average,230,230,0,
ZeroOne,tournament_7,uniform_rank_2,average,230,230,0,
ZeroOne,tournament_7,uniform_rank_2,strong,230,230,0,
ZeroOne,tournament_7,uniform_rank_2,strong,230,230,1,214.0
ZeroOne,tournament_7,uniform_rank_2,strong,230,230,0,
ZeroOne,tournament_7,uniform_rank_7,weak,230,230,1,109.0
ZeroOne,tournament_7,uniform_rank_7,weak,230,230,1,156.0
ZeroOne,tournament_7,uniform_rank_7,weak,230,230,0,
ZeroOne,tournament_7,uniform_rank_7,average,230,230,1,83.0
ZeroOne,tournament_7,uniform_rank_7,average,230,230,0,
ZeroOne,tournament_7,uniform_rank_7,average,230,230,1,140.0
ZeroOne,tournament_7,uniform_rank_7,strong,230,230,1,90.0
ZeroOne,tournament_7,uniform_rank_7,strong,230,230,1,123.0
ZeroOne,tournament_7,uniform_rank_7,strong,230,230,1,137.0
ZeroOne,tournament_7,uniform_tour_3,weak,230,230,0,
ZeroOne,tournament_7,uniform_tour_3,weak,230,230,0,
ZeroOne,tournament_7,uniform_tour_3,weak,230,230,0,
ZeroOne,tournament_7,uniform_tour_3,average,230,230,0,
ZeroOne,tournament_7,uniform_tour_3,average,230,230,0,
ZeroOne,tournament_7,uniform_tour_3,average,230,230,0,
ZeroOne,tournament_7,uniform_tour_3,strong,230,230,0,
ZeroOne,tournament_7,uniform_tour_3,strong,230,230,0,
ZeroOne,tournament_7,uniform_tour_3,strong,230,230,0,
ZeroOne,tournament_7,uniform_tour_7,weak,230,230,0,
ZeroOne,tournament_7,uniform_tour_7,weak,230,230,0,
ZeroOne,tournament_7,uniform_tour_7,weak,230,230,0,
ZeroOne,tournament_7,uniform_tour_7,average,230,230,0,
ZeroOne,tournament_7,uniform_tour_7,average,230,230,0,
ZeroOne,tournament_7,uniform_tour_7,average,230,230,0,
ZeroOne,tournament_7,uniform_tour_7,strong,230,230,0,
ZeroOne,tournament_7,uniform_tour_7,strong,230,230,0,
ZeroOne,tournament_7,uniform_tour_7,strong,230,230,0,
