Function,Dimensions,Pop_Size,Iters,find_solution,generation_found
ShiftedRosenbrock,2,270,270,1,112.0
ShiftedRosenbrock,2,270,270,1,132.0
ShiftedRosenbrock,2,270,270,1,167.0
ShiftedRosenbrock,2,270,270,1,150.0
ShiftedRosenbrock,2,270,270,1,204.0
ShiftedRosenbrock,2,270,270,1,67.0
ShiftedRosenbrock,2,270,270,1,98.0
ShiftedRosenbrock,2,270,270,1,193.0
ShiftedRosenbrock,2,270,270,1,200.0
ShiftedRosenbrock,2,270,270,0,
ShiftedRosenbrock,2,270,270,1,157.0
ShiftedRosenbrock,2,270,270,1,209.0
ShiftedRosenbrock,2,270,270,1,129.0
ShiftedRosenbrock,2,270,270,1,180.0
ShiftedRosenbrock,2,270,270,1,214.0
ShiftedRosenbrock,2,270,270,0,
ShiftedRosenbrock,2,270,270,1,119.0
ShiftedRosenbrock,2,270,270,0,
ShiftedRosenbrock,2,270,270,1,177.0
ShiftedRosenbrock,2,270,270,0,
ShiftedRosenbrock,2,270,270,1,149.0
ShiftedRosenbrock,2,270,270,0,
ShiftedRosenbrock,2,270,270,1,161.0
ShiftedRosenbrock,2,270,270,1,203.0
ShiftedRosenbrock,2,270,270,1,186.0
ShiftedRosenbrock,2,270,270,1,199.0
ShiftedRosenbrock,2,270,270,1,175.0
ShiftedRosenbrock,2,270,270,1,71.0
ShiftedRosenbrock,2,270,270,0,
ShiftedRosenbrock,2,270,270,1,73.0
ShiftedRosenbrock,2,270,270,0,
ShiftedRosenbrock,2,270,270,1,199.0
ShiftedRosenbrock,2,270,270,1,138.0
ShiftedRosenbrock,2,270,270,0,
ShiftedRosenbrock,2,270,270,1,128.0
ShiftedRosenbrock,2,270,270,1,115.0
ShiftedRosenbrock,2,270,270,1,66.0
ShiftedRosenbrock,2,270,270,1,138.0
ShiftedRosenbrock,2,270,270,1,226.0
ShiftedRosenbrock,2,270,270,1,179.0
ShiftedRosenbrock,2,270,270,1,268.0
ShiftedRosenbrock,2,270,270,1,153.0
ShiftedRosenbrock,2,270,270,1,23.0
ShiftedRosenbrock,2,270,270,1,220.0
ShiftedRosenbrock,2,270,270,1,166.0
ShiftedRosenbrock,2,270,270,1,139.0
ShiftedRosenbrock,2,270,270,1,110.0
ShiftedRosenbrock,2,270,270,1,149.0
ShiftedRosenbrock,2,270,270,1,245.0
ShiftedRosenbrock,2,270,270,1,145.0
ShiftedRosenbrock,2,270,270,1,208.0
ShiftedRosenbrock,2,270,270,1,95.0
ShiftedRosenbrock,2,270,270,1,237.0
ShiftedRosenbrock,2,270,270,1,65.0
ShiftedRosenbrock,2,270,270,1,115.0
ShiftedRosenbrock,2,270,270,1,28.0
ShiftedRosenbrock,2,270,270,1,115.0
ShiftedRosenbrock,2,270,270,1,205.0
ShiftedRosenbrock,2,270,270,1,178.0
ShiftedRosenbrock,2,270,270,1,122.0
ShiftedRosenbrock,2,270,270,1,182.0
ShiftedRosenbrock,2,270,270,1,173.0
ShiftedRosenbrock,2,270,270,1,148.0
ShiftedRosenbrock,2,270,270,1,128.0
ShiftedRosenbrock,2,270,270,1,70.0
ShiftedRosenbrock,2,270,270,1,56.0
ShiftedRosenbrock,2,270,270,0,
ShiftedRosenbrock,2,270,270,1,255.0
ShiftedRosenbrock,2,270,270,1,29.0
ShiftedRosenbrock,2,270,270,1,26.0
ShiftedRosenbrock,2,270,270,1,49.0
ShiftedRosenbrock,2,270,270,1,94.0
ShiftedRosenbrock,2,270,270,1,112.0
ShiftedRosenbrock,2,270,270,1,72.0
ShiftedRosenbrock,2,270,270,1,127.0
ShiftedRosenbrock,2,270,270,1,40.0
ShiftedRosenbrock,2,270,270,1,164.0
ShiftedRosenbrock,2,270,270,1,126.0
ShiftedRosenbrock,2,270,270,1,111.0
ShiftedRosenbrock,2,270,270,1,41.0
ShiftedRosenbrock,2,270,270,0,
ShiftedRosenbrock,2,270,270,1,232.0
ShiftedRosenbrock,2,270,270,0,
ShiftedRosenbrock,2,270,270,0,
ShiftedRosenbrock,2,270,270,1,192.0
ShiftedRosenbrock,2,270,270,1,161.0
ShiftedRosenbrock,2,270,270,1,64.0
ShiftedRosenbrock,2,270,270,1,34.0
ShiftedRosenbrock,2,270,270,1,232.0
ShiftedRosenbrock,2,270,270,1,270.0
ShiftedRosenbrock,2,270,270,1,55.0
ShiftedRosenbrock,2,270,270,0,
ShiftedRosenbrock,2,270,270,1,63.0
ShiftedRosenbrock,2,270,270,1,104.0
ShiftedRosenbrock,2,270,270,1,87.0
ShiftedRosenbrock,2,270,270,1,187.0
ShiftedRosenbrock,2,270,270,1,198.0
ShiftedRosenbrock,2,270,270,1,201.0
ShiftedRosenbrock,2,270,270,1,129.0
ShiftedRosenbrock,2,270,270,0,
ShiftedRotatedGriewank,2,650,650,1,218.0
ShiftedRotatedGriewank,2,650,650,1,69.0
ShiftedRotatedGriewank,2,650,650,1,160.0
ShiftedRotatedGriewank,2,650,650,1,104.0
ShiftedRotatedGriewank,2,650,650,1,123.0
ShiftedRotatedGriewank,2,650,650,1,407.0
ShiftedRotatedGriewank,2,650,650,1,99.0
ShiftedRotatedGriewank,2,650,650,1,393.0
ShiftedRotatedGriewank,2,650,650,1,353.0
ShiftedRotatedGriewank,2,650,650,1,118.0
ShiftedRotatedGriewank,2,650,650,1,81.0
ShiftedRotatedGriewank,2,650,650,1,62.0
ShiftedRotatedGriewank,2,650,650,1,66.0
ShiftedRotatedGriewank,2,650,650,1,151.0
ShiftedRotatedGriewank,2,650,650,1,444.0
ShiftedRotatedGriewank,2,650,650,1,77.0
ShiftedRotatedGriewank,2,650,650,1,102.0
ShiftedRotatedGriewank,2,650,650,1,70.0
ShiftedRotatedGriewank,2,650,650,1,82.0
ShiftedRotatedGriewank,2,650,650,1,85.0
ShiftedRotatedGriewank,2,650,650,1,97.0
ShiftedRotatedGriewank,2,650,650,1,77.0
ShiftedRotatedGriewank,2,650,650,1,79.0
ShiftedRotatedGriewank,2,650,650,1,75.0
ShiftedRotatedGriewank,2,650,650,1,243.0
ShiftedRotatedGriewank,2,650,650,1,175.0
ShiftedRotatedGriewank,2,650,650,1,76.0
ShiftedRotatedGriewank,2,650,650,1,270.0
ShiftedRotatedGriewank,2,650,650,1,184.0
ShiftedRotatedGriewank,2,650,650,1,245.0
ShiftedRotatedGriewank,2,650,650,1,53.0
ShiftedRotatedGriewank,2,650,650,1,68.0
ShiftedRotatedGriewank,2,650,650,1,277.0
ShiftedRotatedGriewank,2,650,650,1,96.0
ShiftedRotatedGriewank,2,650,650,1,76.0
ShiftedRotatedGriewank,2,650,650,1,364.0
ShiftedRotatedGriewank,2,650,650,1,356.0
ShiftedRotatedGriewank,2,650,650,1,71.0
ShiftedRotatedGriewank,2,650,650,0,
ShiftedRotatedGriewank,2,650,650,1,89.0
ShiftedRotatedGriewank,2,650,650,1,89.0
ShiftedRotatedGriewank,2,650,650,1,48.0
ShiftedRotatedGriewank,2,650,650,1,29.0
ShiftedRotatedGriewank,2,650,650,1,253.0
ShiftedRotatedGriewank,2,650,650,1,327.0
ShiftedRotatedGriewank,2,650,650,1,329.0
ShiftedRotatedGriewank,2,650,650,1,79.0
ShiftedRotatedGriewank,2,650,650,1,50.0
ShiftedRotatedGriewank,2,650,650,1,105.0
ShiftedRotatedGriewank,2,650,650,1,66.0
ShiftedRotatedGriewank,2,650,650,1,66.0
ShiftedRotatedGriewank,2,650,650,1,234.0
ShiftedRotatedGriewank,2,650,650,1,111.0
ShiftedRotatedGriewank,2,650,650,1,317.0
ShiftedRotatedGriewank,2,650,650,1,208.0
ShiftedRotatedGriewank,2,650,650,1,51.0
ShiftedRotatedGriewank,2,650,650,1,168.0
ShiftedRotatedGriewank,2,650,650,1,78.0
ShiftedRotatedGriewank,2,650,650,1,82.0
ShiftedRotatedGriewank,2,650,650,1,396.0
ShiftedRotatedGriewank,2,650,650,1,76.0
ShiftedRotatedGriewank,2,650,650,1,92.0
ShiftedRotatedGriewank,2,650,650,1,170.0
ShiftedRotatedGriewank,2,650,650,1,260.0
ShiftedRotatedGriewank,2,650,650,1,101.0
ShiftedRotatedGriewank,2,650,650,1,83.0
ShiftedRotatedGriewank,2,650,650,1,233.0
ShiftedRotatedGriewank,2,650,650,1,78.0
ShiftedRotatedGriewank,2,650,650,1,39.0
ShiftedRotatedGriewank,2,650,650,1,92.0
ShiftedRotatedGriewank,2,650,650,1,344.0
ShiftedRotatedGriewank,2,650,650,1,94.0
ShiftedRotatedGriewank,2,650,650,1,423.0
ShiftedRotatedGriewank,2,650,650,1,288.0
ShiftedRotatedGriewank,2,650,650,1,353.0
ShiftedRotatedGriewank,2,650,650,1,114.0
ShiftedRotatedGriewank,2,650,650,1,370.0
ShiftedRotatedGriewank,2,650,650,1,57.0
ShiftedRotatedGriewank,2,650,650,1,269.0
ShiftedRotatedGriewank,2,650,650,1,81.0
ShiftedRotatedGriewank,2,650,650,1,312.0
ShiftedRotatedGriewank,2,650,650,1,52.0
ShiftedRotatedGriewank,2,650,650,1,91.0
ShiftedRotatedGriewank,2,650,650,1,116.0
ShiftedRotatedGriewank,2,650,650,1,271.0
ShiftedRotatedGriewank,2,650,650,1,81.0
ShiftedRotatedGriewank,2,650,650,1,160.0
ShiftedRotatedGriewank,2,650,650,1,63.0
ShiftedRotatedGriewank,2,650,650,1,190.0
ShiftedRotatedGriewank,2,650,650,1,364.0
ShiftedRotatedGriewank,2,650,650,1,21.0
ShiftedRotatedGriewank,2,650,650,1,211.0
ShiftedRotatedGriewank,2,650,650,1,64.0
ShiftedRotatedGriewank,2,650,650,1,406.0
ShiftedRotatedGriewank,2,650,650,1,62.0
ShiftedRotatedGriewank,2,650,650,1,107.0
ShiftedRotatedGriewank,2,650,650,1,100.0
ShiftedRotatedGriewank,2,650,650,1,451.0
ShiftedRotatedGriewank,2,650,650,1,176.0
ShiftedRotatedGriewank,2,650,650,0,
ShiftedExpandedGriewankRosenbrock,2,110,110,1,62.0
ShiftedExpandedGriewankRosenbrock,2,110,110,1,75.0
ShiftedExpandedGriewankRosenbrock,2,110,110,0,
ShiftedExpandedGriewankRosenbrock,2,110,110,1,12.0
ShiftedExpandedGriewankRosenbrock,2,110,110,1,44.0
ShiftedExpandedGriewankRosenbrock,2,110,110,1,59.0
ShiftedExpandedGriewankRosenbrock,2,110,110,0,
ShiftedExpandedGriewankRosenbrock,2,110,110,1,26.0
ShiftedExpandedGriewankRosenbrock,2,110,110,1,1.0
ShiftedExpandedGriewankRosenbrock,2,110,110,1,8.0
ShiftedExpandedGriewankRosenbrock,2,110,110,1,92.0
ShiftedExpandedGriewankRosenbrock,2,110,110,1,19.0
ShiftedExpandedGriewankRosenbrock,2,110,110,1,6.0
ShiftedExpandedGriewankRosenbrock,2,110,110,1,62.0
ShiftedExpandedGriewankRosenbrock,2,110,110,0,
ShiftedExpandedGriewankRosenbrock,2,110,110,1,3.0
ShiftedExpandedGriewankRosenbrock,2,110,110,1,43.0
ShiftedExpandedGriewankRosenbrock,2,110,110,1,48.0
ShiftedExpandedGriewankRosenbrock,2,110,110,0,
ShiftedExpandedGriewankRosenbrock,2,110,110,0,
ShiftedExpandedGriewankRosenbrock,2,110,110,0,
ShiftedExpandedGriewankRosenbrock,2,110,110,1,22.0
ShiftedExpandedGriewankRosenbrock,2,110,110,1,55.0
ShiftedExpandedGriewankRosenbrock,2,110,110,1,34.0
ShiftedExpandedGriewankRosenbrock,2,110,110,1,38.0
ShiftedExpandedGriewankRosenbrock,2,110,110,1,57.0
ShiftedExpandedGriewankRosenbrock,2,110,110,0,
ShiftedExpandedGriewankRosenbrock,2,110,110,1,33.0
ShiftedExpandedGriewankRosenbrock,2,110,110,0,
ShiftedExpandedGriewankRosenbrock,2,110,110,0,
ShiftedExpandedGriewankRosenbrock,2,110,110,0,
ShiftedExpandedGriewankRosenbrock,2,110,110,1,29.0
ShiftedExpandedGriewankRosenbrock,2,110,110,1,57.0
ShiftedExpandedGriewankRosenbrock,2,110,110,0,
ShiftedExpandedGriewankRosenbrock,2,110,110,1,55.0
ShiftedExpandedGriewankRosenbrock,2,110,110,1,49.0
ShiftedExpandedGriewankRosenbrock,2,110,110,1,61.0
ShiftedExpandedGriewankRosenbrock,2,110,110,0,
ShiftedExpandedGriewankRosenbrock,2,110,110,1,21.0
ShiftedExpandedGriewankRosenbrock,2,110,110,1,49.0
ShiftedExpandedGriewankRosenbrock,2,110,110,1,48.0
ShiftedExpandedGriewankRosenbrock,2,110,110,1,95.0
ShiftedExpandedGriewankRosenbrock,2,110,110,0,
ShiftedExpandedGriewankRosenbrock,2,110,110,1,19.0
ShiftedExpandedGriewankRosenbrock,2,110,110,0,
ShiftedExpandedGriewankRosenbrock,2,110,110,0,
ShiftedExpandedGriewankRosenbrock,2,110,110,0,
ShiftedExpandedGriewankRosenbrock,2,110,110,0,
ShiftedExpandedGriewankRosenbrock,2,110,110,0,
ShiftedExpandedGriewankRosenbrock,2,110,110,1,34.0
ShiftedExpandedGriewankRosenbrock,2,110,110,0,
ShiftedExpandedGriewankRosenbrock,2,110,110,0,
ShiftedExpandedGriewankRosenbrock,2,110,110,1,71.0
ShiftedExpandedGriewankRosenbrock,2,110,110,0,
ShiftedExpandedGriewankRosenbrock,2,110,110,1,19.0
ShiftedExpandedGriewankRosenbrock,2,110,110,1,31.0
ShiftedExpandedGriewankRosenbrock,2,110,110,0,
ShiftedExpandedGriewankRosenbrock,2,110,110,1,44.0
ShiftedExpandedGriewankRosenbrock,2,110,110,0,
ShiftedExpandedGriewankRosenbrock,2,110,110,0,
ShiftedExpandedGriewankRosenbrock,2,110,110,1,15.0
ShiftedExpandedGriewankRosenbrock,2,110,110,0,
ShiftedExpandedGriewankRosenbrock,2,110,110,1,92.0
ShiftedExpandedGriewankRosenbrock,2,110,110,0,
ShiftedExpandedGriewankRosenbrock,2,110,110,1,72.0
ShiftedExpandedGriewankRosenbrock,2,110,110,1,102.0
ShiftedExpandedGriewankRosenbrock,2,110,110,1,17.0
ShiftedExpandedGriewankRosenbrock,2,110,110,1,16.0
ShiftedExpandedGriewankRosenbrock,2,110,110,0,
ShiftedExpandedGriewankRosenbrock,2,110,110,0,
ShiftedExpandedGriewankRosenbrock,2,110,110,1,71.0
ShiftedExpandedGriewankRosenbrock,2,110,110,1,49.0
ShiftedExpandedGriewankRosenbrock,2,110,110,1,48.0
ShiftedExpandedGriewankRosenbrock,2,110,110,0,
ShiftedExpandedGriewankRosenbrock,2,110,110,0,
ShiftedExpandedGriewankRosenbrock,2,110,110,1,33.0
ShiftedExpandedGriewankRosenbrock,2,110,110,0,
ShiftedExpandedGriewankRosenbrock,2,110,110,1,21.0
ShiftedExpandedGriewankRosenbrock,2,110,110,1,43.0
ShiftedExpandedGriewankRosenbrock,2,110,110,1,47.0
ShiftedExpandedGriewankRosenbrock,2,110,110,0,
ShiftedExpandedGriewankRosenbrock,2,110,110,0,
ShiftedExpandedGriewankRosenbrock,2,110,110,0,
ShiftedExpandedGriewankRosenbrock,2,110,110,0,
ShiftedExpandedGriewankRosenbrock,2,110,110,0,
ShiftedExpandedGriewankRosenbrock,2,110,110,1,28.0
ShiftedExpandedGriewankRosenbrock,2,110,110,1,21.0
ShiftedExpandedGriewankRosenbrock,2,110,110,0,
ShiftedExpandedGriewankRosenbrock,2,110,110,1,37.0
ShiftedExpandedGriewankRosenbrock,2,110,110,1,68.0
ShiftedExpandedGriewankRosenbrock,2,110,110,1,48.0
ShiftedExpandedGriewankRosenbrock,2,110,110,1,69.0
ShiftedExpandedGriewankRosenbrock,2,110,110,0,
ShiftedExpandedGriewankRosenbrock,2,110,110,1,78.0
ShiftedExpandedGriewankRosenbrock,2,110,110,1,5.0
ShiftedExpandedGriewankRosenbrock,2,110,110,1,62.0
ShiftedExpandedGriewankRosenbrock,2,110,110,1,37.0
ShiftedExpandedGriewankRosenbrock,2,110,110,1,101.0
ShiftedExpandedGriewankRosenbrock,2,110,110,1,68.0
ShiftedExpandedGriewankRosenbrock,2,110,110,1,50.0
RotatedVersionHybridCompositionFunction1,2,130,130,1,28.0
RotatedVersionHybridCompositionFunction1,2,130,130,1,41.0
RotatedVersionHybridCompositionFunction1,2,130,130,1,31.0
RotatedVersionHybridCompositionFunction1,2,130,130,1,27.0
RotatedVersionHybridCompositionFunction1,2,130,130,1,58.0
RotatedVersionHybridCompositionFunction1,2,130,130,1,44.0
RotatedVersionHybridCompositionFunction1,2,130,130,1,16.0
RotatedVersionHybridCompositionFunction1,2,130,130,1,29.0
RotatedVersionHybridCompositionFunction1,2,130,130,0,
RotatedVersionHybridCompositionFunction1,2,130,130,1,35.0
RotatedVersionHybridCompositionFunction1,2,130,130,1,40.0
RotatedVersionHybridCompositionFunction1,2,130,130,1,34.0
RotatedVersionHybridCompositionFunction1,2,130,130,0,
RotatedVersionHybridCompositionFunction1,2,130,130,1,119.0
RotatedVersionHybridCompositionFunction1,2,130,130,1,36.0
RotatedVersionHybridCompositionFunction1,2,130,130,1,30.0
RotatedVersionHybridCompositionFunction1,2,130,130,1,111.0
RotatedVersionHybridCompositionFunction1,2,130,130,1,43.0
RotatedVersionHybridCompositionFunction1,2,130,130,1,93.0
RotatedVersionHybridCompositionFunction1,2,130,130,1,107.0
RotatedVersionHybridCompositionFunction1,2,130,130,1,96.0
RotatedVersionHybridCompositionFunction1,2,130,130,1,19.0
RotatedVersionHybridCompositionFunction1,2,130,130,1,106.0
RotatedVersionHybridCompositionFunction1,2,130,130,1,34.0
RotatedVersionHybridCompositionFunction1,2,130,130,1,16.0
RotatedVersionHybridCompositionFunction1,2,130,130,0,
RotatedVersionHybridCompositionFunction1,2,130,130,1,26.0
RotatedVersionHybridCompositionFunction1,2,130,130,1,42.0
RotatedVersionHybridCompositionFunction1,2,130,130,1,28.0
RotatedVersionHybridCompositionFunction1,2,130,130,1,28.0
RotatedVersionHybridCompositionFunction1,2,130,130,1,29.0
RotatedVersionHybridCompositionFunction1,2,130,130,1,39.0
RotatedVersionHybridCompositionFunction1,2,130,130,1,23.0
RotatedVersionHybridCompositionFunction1,2,130,130,1,27.0
RotatedVersionHybridCompositionFunction1,2,130,130,1,27.0
RotatedVersionHybridCompositionFunction1,2,130,130,1,28.0
RotatedVersionHybridCompositionFunction1,2,130,130,1,38.0
RotatedVersionHybridCompositionFunction1,2,130,130,1,42.0
RotatedVersionHybridCompositionFunction1,2,130,130,1,45.0
RotatedVersionHybridCompositionFunction1,2,130,130,1,23.0
RotatedVersionHybridCompositionFunction1,2,130,130,1,94.0
RotatedVersionHybridCompositionFunction1,2,130,130,1,115.0
RotatedVersionHybridCompositionFunction1,2,130,130,1,35.0
RotatedVersionHybridCompositionFunction1,2,130,130,1,49.0
RotatedVersionHybridCompositionFunction1,2,130,130,1,30.0
RotatedVersionHybridCompositionFunction1,2,130,130,1,15.0
RotatedVersionHybridCompositionFunction1,2,130,130,1,48.0
RotatedVersionHybridCompositionFunction1,2,130,130,1,50.0
RotatedVersionHybridCompositionFunction1,2,130,130,1,84.0
RotatedVersionHybridCompositionFunction1,2,130,130,1,40.0
RotatedVersionHybridCompositionFunction1,2,130,130,1,19.0
RotatedVersionHybridCompositionFunction1,2,130,130,1,81.0
RotatedVersionHybridCompositionFunction1,2,130,130,1,34.0
RotatedVersionHybridCompositionFunction1,2,130,130,1,27.0
RotatedVersionHybridCompositionFunction1,2,130,130,1,26.0
RotatedVersionHybridCompositionFunction1,2,130,130,0,
RotatedVersionHybridCompositionFunction1,2,130,130,1,32.0
RotatedVersionHybridCompositionFunction1,2,130,130,1,11.0
RotatedVersionHybridCompositionFunction1,2,130,130,1,46.0
RotatedVersionHybridCompositionFunction1,2,130,130,1,39.0
RotatedVersionHybridCompositionFunction1,2,130,130,1,17.0
RotatedVersionHybridCompositionFunction1,2,130,130,1,50.0
RotatedVersionHybridCompositionFunction1,2,130,130,1,34.0
RotatedVersionHybridCompositionFunction1,2,130,130,0,
RotatedVersionHybridCompositionFunction1,2,130,130,1,37.0
RotatedVersionHybridCompositionFunction1,2,130,130,0,
RotatedVersionHybridCompositionFunction1,2,130,130,1,34.0
RotatedVersionHybridCompositionFunction1,2,130,130,1,30.0
RotatedVersionHybridCompositionFunction1,2,130,130,1,88.0
RotatedVersionHybridCompositionFunction1,2,130,130,1,45.0
RotatedVersionHybridCompositionFunction1,2,130,130,1,37.0
RotatedVersionHybridCompositionFunction1,2,130,130,1,61.0
RotatedVersionHybridCompositionFunction1,2,130,130,1,41.0
RotatedVersionHybridCompositionFunction1,2,130,130,1,47.0
RotatedVersionHybridCompositionFunction1,2,130,130,1,5.0
RotatedVersionHybridCompositionFunction1,2,130,130,1,42.0
RotatedVersionHybridCompositionFunction1,2,130,130,1,78.0
RotatedVersionHybridCompositionFunction1,2,130,130,0,
RotatedVersionHybridCompositionFunction1,2,130,130,0,
RotatedVersionHybridCompositionFunction1,2,130,130,0,
RotatedVersionHybridCompositionFunction1,2,130,130,1,34.0
RotatedVersionHybridCompositionFunction1,2,130,130,1,27.0
RotatedVersionHybridCompositionFunction1,2,130,130,1,36.0
RotatedVersionHybridCompositionFunction1,2,130,130,1,27.0
RotatedVersionHybridCompositionFunction1,2,130,130,1,25.0
RotatedVersionHybridCompositionFunction1,2,130,130,1,85.0
RotatedVersionHybridCompositionFunction1,2,130,130,1,23.0
RotatedVersionHybridCompositionFunction1,2,130,130,1,101.0
RotatedVersionHybridCompositionFunction1,2,130,130,1,24.0
RotatedVersionHybridCompositionFunction1,2,130,130,1,38.0
RotatedVersionHybridCompositionFunction1,2,130,130,1,25.0
RotatedVersionHybridCompositionFunction1,2,130,130,1,45.0
RotatedVersionHybridCompositionFunction1,2,130,130,0,
RotatedVersionHybridCompositionFunction1,2,130,130,1,32.0
RotatedVersionHybridCompositionFunction1,2,130,130,1,29.0
RotatedVersionHybridCompositionFunction1,2,130,130,1,74.0
RotatedVersionHybridCompositionFunction1,2,130,130,1,82.0
RotatedVersionHybridCompositionFunction1,2,130,130,1,31.0
RotatedVersionHybridCompositionFunction1,2,130,130,1,24.0
RotatedVersionHybridCompositionFunction1,2,130,130,1,34.0
RotatedVersionHybridCompositionFunction1Noise,2,130,130,1,19.0
RotatedVersionHybridCompositionFunction1Noise,2,130,130,1,35.0
RotatedVersionHybridCompositionFunction1Noise,2,130,130,1,28.0
RotatedVersionHybridCompositionFunction1Noise,2,130,130,1,104.0
RotatedVersionHybridCompositionFunction1Noise,2,130,130,1,35.0
RotatedVersionHybridCompositionFunction1Noise,2,130,130,1,12.0
RotatedVersionHybridCompositionFunction1Noise,2,130,130,1,19.0
RotatedVersionHybridCompositionFunction1Noise,2,130,130,1,123.0
RotatedVersionHybridCompositionFunction1Noise,2,130,130,1,61.0
RotatedVersionHybridCompositionFunction1Noise,2,130,130,0,
RotatedVersionHybridCompositionFunction1Noise,2,130,130,1,45.0
RotatedVersionHybridCompositionFunction1Noise,2,130,130,1,18.0
RotatedVersionHybridCompositionFunction1Noise,2,130,130,1,34.0
RotatedVersionHybridCompositionFunction1Noise,2,130,130,1,29.0
RotatedVersionHybridCompositionFunction1Noise,2,130,130,1,53.0
RotatedVersionHybridCompositionFunction1Noise,2,130,130,1,85.0
RotatedVersionHybridCompositionFunction1Noise,2,130,130,1,36.0
RotatedVersionHybridCompositionFunction1Noise,2,130,130,1,36.0
RotatedVersionHybridCompositionFunction1Noise,2,130,130,1,24.0
RotatedVersionHybridCompositionFunction1Noise,2,130,130,1,40.0
RotatedVersionHybridCompositionFunction1Noise,2,130,130,1,2.0
RotatedVersionHybridCompositionFunction1Noise,2,130,130,1,101.0
RotatedVersionHybridCompositionFunction1Noise,2,130,130,1,55.0
RotatedVersionHybridCompositionFunction1Noise,2,130,130,1,33.0
RotatedVersionHybridCompositionFunction1Noise,2,130,130,0,
RotatedVersionHybridCompositionFunction1Noise,2,130,130,1,74.0
RotatedVersionHybridCompositionFunction1Noise,2,130,130,1,36.0
RotatedVersionHybridCompositionFunction1Noise,2,130,130,1,96.0
RotatedVersionHybridCompositionFunction1Noise,2,130,130,1,20.0
RotatedVersionHybridCompositionFunction1Noise,2,130,130,1,91.0
RotatedVersionHybridCompositionFunction1Noise,2,130,130,1,52.0
RotatedVersionHybridCompositionFunction1Noise,2,130,130,1,29.0
RotatedVersionHybridCompositionFunction1Noise,2,130,130,1,20.0
RotatedVersionHybridCompositionFunction1Noise,2,130,130,1,80.0
RotatedVersionHybridCompositionFunction1Noise,2,130,130,1,23.0
RotatedVersionHybridCompositionFunction1Noise,2,130,130,1,85.0
RotatedVersionHybridCompositionFunction1Noise,2,130,130,1,67.0
RotatedVersionHybridCompositionFunction1Noise,2,130,130,1,47.0
RotatedVersionHybridCompositionFunction1Noise,2,130,130,1,36.0
RotatedVersionHybridCompositionFunction1Noise,2,130,130,1,18.0
RotatedVersionHybridCompositionFunction1Noise,2,130,130,0,
RotatedVersionHybridCompositionFunction1Noise,2,130,130,1,29.0
RotatedVersionHybridCompositionFunction1Noise,2,130,130,1,36.0
RotatedVersionHybridCompositionFunction1Noise,2,130,130,1,39.0
RotatedVersionHybridCompositionFunction1Noise,2,130,130,1,30.0
RotatedVersionHybridCompositionFunction1Noise,2,130,130,1,37.0
RotatedVersionHybridCompositionFunction1Noise,2,130,130,1,45.0
RotatedVersionHybridCompositionFunction1Noise,2,130,130,0,
RotatedVersionHybridCompositionFunction1Noise,2,130,130,1,27.0
RotatedVersionHybridCompositionFunction1Noise,2,130,130,1,15.0
RotatedVersionHybridCompositionFunction1Noise,2,130,130,1,31.0
RotatedVersionHybridCompositionFunction1Noise,2,130,130,1,10.0
RotatedVersionHybridCompositionFunction1Noise,2,130,130,1,35.0
RotatedVersionHybridCompositionFunction1Noise,2,130,130,1,53.0
RotatedVersionHybridCompositionFunction1Noise,2,130,130,0,
RotatedVersionHybridCompositionFunction1Noise,2,130,130,1,50.0
RotatedVersionHybridCompositionFunction1Noise,2,130,130,1,121.0
RotatedVersionHybridCompositionFunction1Noise,2,130,130,0,
RotatedVersionHybridCompositionFunction1Noise,2,130,130,1,31.0
RotatedVersionHybridCompositionFunction1Noise,2,130,130,1,72.0
RotatedVersionHybridCompositionFunction1Noise,2,130,130,1,8.0
RotatedVersionHybridCompositionFunction1Noise,2,130,130,1,31.0
RotatedVersionHybridCompositionFunction1Noise,2,130,130,1,24.0
RotatedVersionHybridCompositionFunction1Noise,2,130,130,0,
RotatedVersionHybridCompositionFunction1Noise,2,130,130,1,23.0
RotatedVersionHybridCompositionFunction1Noise,2,130,130,0,
RotatedVersionHybridCompositionFunction1Noise,2,130,130,1,58.0
RotatedVersionHybridCompositionFunction1Noise,2,130,130,1,28.0
RotatedVersionHybridCompositionFunction1Noise,2,130,130,1,37.0
RotatedVersionHybridCompositionFunction1Noise,2,130,130,1,29.0
RotatedVersionHybridCompositionFunction1Noise,2,130,130,1,32.0
RotatedVersionHybridCompositionFunction1Noise,2,130,130,1,84.0
RotatedVersionHybridCompositionFunction1Noise,2,130,130,1,74.0
RotatedVersionHybridCompositionFunction1Noise,2,130,130,1,25.0
RotatedVersionHybridCompositionFunction1Noise,2,130,130,1,85.0
RotatedVersionHybridCompositionFunction1Noise,2,130,130,1,54.0
RotatedVersionHybridCompositionFunction1Noise,2,130,130,0,
RotatedVersionHybridCompositionFunction1Noise,2,130,130,1,59.0
RotatedVersionHybridCompositionFunction1Noise,2,130,130,1,86.0
RotatedVersionHybridCompositionFunction1Noise,2,130,130,1,12.0
RotatedVersionHybridCompositionFunction1Noise,2,130,130,1,24.0
RotatedVersionHybridCompositionFunction1Noise,2,130,130,1,51.0
RotatedVersionHybridCompositionFunction1Noise,2,130,130,1,19.0
RotatedVersionHybridCompositionFunction1Noise,2,130,130,1,10.0
RotatedVersionHybridCompositionFunction1Noise,2,130,130,1,36.0
RotatedVersionHybridCompositionFunction1Noise,2,130,130,1,46.0
RotatedVersionHybridCompositionFunction1Noise,2,130,130,1,115.0
RotatedVersionHybridCompositionFunction1Noise,2,130,130,0,
RotatedVersionHybridCompositionFunction1Noise,2,130,130,0,
RotatedVersionHybridCompositionFunction1Noise,2,130,130,0,
RotatedVersionHybridCompositionFunction1Noise,2,130,130,1,31.0
RotatedVersionHybridCompositionFunction1Noise,2,130,130,1,51.0
RotatedVersionHybridCompositionFunction1Noise,2,130,130,0,
RotatedVersionHybridCompositionFunction1Noise,2,130,130,0,
RotatedVersionHybridCompositionFunction1Noise,2,130,130,1,119.0
RotatedVersionHybridCompositionFunction1Noise,2,130,130,1,70.0
RotatedVersionHybridCompositionFunction1Noise,2,130,130,1,49.0
RotatedVersionHybridCompositionFunction1Noise,2,130,130,1,42.0
RotatedVersionHybridCompositionFunction1Noise,2,130,130,1,31.0
RotatedVersionHybridCompositionFunction1Noise,2,130,130,1,50.0
RotatedHybridCompositionFunction,2,250,250,1,158.0
RotatedHybridCompositionFunction,2,250,250,0,
RotatedHybridCompositionFunction,2,250,250,1,170.0
RotatedHybridCompositionFunction,2,250,250,1,74.0
RotatedHybridCompositionFunction,2,250,250,1,172.0
RotatedHybridCompositionFunction,2,250,250,1,103.0
RotatedHybridCompositionFunction,2,250,250,1,179.0
RotatedHybridCompositionFunction,2,250,250,0,
RotatedHybridCompositionFunction,2,250,250,0,
RotatedHybridCompositionFunction,2,250,250,0,
RotatedHybridCompositionFunction,2,250,250,0,
RotatedHybridCompositionFunction,2,250,250,1,166.0
RotatedHybridCompositionFunction,2,250,250,0,
RotatedHybridCompositionFunction,2,250,250,0,
RotatedHybridCompositionFunction,2,250,250,1,14.0
RotatedHybridCompositionFunction,2,250,250,0,
RotatedHybridCompositionFunction,2,250,250,1,178.0
RotatedHybridCompositionFunction,2,250,250,1,245.0
RotatedHybridCompositionFunction,2,250,250,0,
RotatedHybridCompositionFunction,2,250,250,0,
RotatedHybridCompositionFunction,2,250,250,1,186.0
RotatedHybridCompositionFunction,2,250,250,0,
RotatedHybridCompositionFunction,2,250,250,0,
RotatedHybridCompositionFunction,2,250,250,0,
RotatedHybridCompositionFunction,2,250,250,0,
RotatedHybridCompositionFunction,2,250,250,1,59.0
RotatedHybridCompositionFunction,2,250,250,1,102.0
RotatedHybridCompositionFunction,2,250,250,0,
RotatedHybridCompositionFunction,2,250,250,0,
RotatedHybridCompositionFunction,2,250,250,0,
RotatedHybridCompositionFunction,2,250,250,1,202.0
RotatedHybridCompositionFunction,2,250,250,0,
RotatedHybridCompositionFunction,2,250,250,0,
RotatedHybridCompositionFunction,2,250,250,0,
RotatedHybridCompositionFunction,2,250,250,0,
RotatedHybridCompositionFunction,2,250,250,1,126.0
RotatedHybridCompositionFunction,2,250,250,0,
RotatedHybridCompositionFunction,2,250,250,0,
RotatedHybridCompositionFunction,2,250,250,0,
RotatedHybridCompositionFunction,2,250,250,0,
RotatedHybridCompositionFunction,2,250,250,1,212.0
RotatedHybridCompositionFunction,2,250,250,0,
RotatedHybridCompositionFunction,2,250,250,0,
RotatedHybridCompositionFunction,2,250,250,0,
RotatedHybridCompositionFunction,2,250,250,0,
RotatedHybridCompositionFunction,2,250,250,0,
RotatedHybridCompositionFunction,2,250,250,1,162.0
RotatedHybridCompositionFunction,2,250,250,0,
RotatedHybridCompositionFunction,2,250,250,1,197.0
RotatedHybridCompositionFunction,2,250,250,0,
RotatedHybridCompositionFunction,2,250,250,0,
RotatedHybridCompositionFunction,2,250,250,1,185.0
RotatedHybridCompositionFunction,2,250,250,0,
RotatedHybridCompositionFunction,2,250,250,1,198.0
RotatedHybridCompositionFunction,2,250,250,0,
RotatedHybridCompositionFunction,2,250,250,0,
RotatedHybridCompositionFunction,2,250,250,0,
RotatedHybridCompositionFunction,2,250,250,1,241.0
RotatedHybridCompositionFunction,2,250,250,0,
RotatedHybridCompositionFunction,2,250,250,1,114.0
RotatedHybridCompositionFunction,2,250,250,0,
RotatedHybridCompositionFunction,2,250,250,0,
RotatedHybridCompositionFunction,2,250,250,0,
RotatedHybridCompositionFunction,2,250,250,0,
RotatedHybridCompositionFunction,2,250,250,0,
RotatedHybridCompositionFunction,2,250,250,1,127.0
RotatedHybridCompositionFunction,2,250,250,0,
RotatedHybridCompositionFunction,2,250,250,0,
RotatedHybridCompositionFunction,2,250,250,1,180.0
RotatedHybridCompositionFunction,2,250,250,1,210.0
RotatedHybridCompositionFunction,2,250,250,0,
RotatedHybridCompositionFunction,2,250,250,1,63.0
RotatedHybridCompositionFunction,2,250,250,1,125.0
RotatedHybridCompositionFunction,2,250,250,1,248.0
RotatedHybridCompositionFunction,2,250,250,1,219.0
RotatedHybridCompositionFunction,2,250,250,1,243.0
RotatedHybridCompositionFunction,2,250,250,0,
RotatedHybridCompositionFunction,2,250,250,1,207.0
RotatedHybridCompositionFunction,2,250,250,1,11.0
RotatedHybridCompositionFunction,2,250,250,1,129.0
RotatedHybridCompositionFunction,2,250,250,1,228.0
RotatedHybridCompositionFunction,2,250,250,0,
RotatedHybridCompositionFunction,2,250,250,0,
RotatedHybridCompositionFunction,2,250,250,0,
RotatedHybridCompositionFunction,2,250,250,1,119.0
RotatedHybridCompositionFunction,2,250,250,0,
RotatedHybridCompositionFunction,2,250,250,1,162.0
RotatedHybridCompositionFunction,2,250,250,1,220.0
RotatedHybridCompositionFunction,2,250,250,0,
RotatedHybridCompositionFunction,2,250,250,0,
RotatedHybridCompositionFunction,2,250,250,1,136.0
RotatedHybridCompositionFunction,2,250,250,0,
RotatedHybridCompositionFunction,2,250,250,0,
RotatedHybridCompositionFunction,2,250,250,1,212.0
RotatedHybridCompositionFunction,2,250,250,0,
RotatedHybridCompositionFunction,2,250,250,0,
RotatedHybridCompositionFunction,2,250,250,0,
RotatedHybridCompositionFunction,2,250,250,0,
RotatedHybridCompositionFunction,2,250,250,0,
RotatedHybridCompositionFunction,2,250,250,1,145.0
HybridCompositionFunction3,2,477,477,1,86.0
HybridCompositionFunction3,2,477,477,1,47.0
HybridCompositionFunction3,2,477,477,1,53.0
HybridCompositionFunction3,2,477,477,1,16.0
HybridCompositionFunction3,2,477,477,1,151.0
HybridCompositionFunction3,2,477,477,1,75.0
HybridCompositionFunction3,2,477,477,1,61.0
HybridCompositionFunction3,2,477,477,1,58.0
HybridCompositionFunction3,2,477,477,1,77.0
HybridCompositionFunction3,2,477,477,1,62.0
HybridCompositionFunction3,2,477,477,1,47.0
HybridCompositionFunction3,2,477,477,1,50.0
HybridCompositionFunction3,2,477,477,1,33.0
HybridCompositionFunction3,2,477,477,0,
HybridCompositionFunction3,2,477,477,0,
HybridCompositionFunction3,2,477,477,1,65.0
HybridCompositionFunction3,2,477,477,1,96.0
HybridCompositionFunction3,2,477,477,1,212.0
HybridCompositionFunction3,2,477,477,1,66.0
HybridCompositionFunction3,2,477,477,1,18.0
HybridCompositionFunction3,2,477,477,1,71.0
HybridCompositionFunction3,2,477,477,1,67.0
HybridCompositionFunction3,2,477,477,1,84.0
HybridCompositionFunction3,2,477,477,1,67.0
HybridCompositionFunction3,2,477,477,1,14.0
HybridCompositionFunction3,2,477,477,1,76.0
HybridCompositionFunction3,2,477,477,1,17.0
HybridCompositionFunction3,2,477,477,1,214.0
HybridCompositionFunction3,2,477,477,1,42.0
HybridCompositionFunction3,2,477,477,1,56.0
HybridCompositionFunction3,2,477,477,1,90.0
HybridCompositionFunction3,2,477,477,1,253.0
HybridCompositionFunction3,2,477,477,1,86.0
HybridCompositionFunction3,2,477,477,1,67.0
HybridCompositionFunction3,2,477,477,1,65.0
HybridCompositionFunction3,2,477,477,1,108.0
HybridCompositionFunction3,2,477,477,1,59.0
HybridCompositionFunction3,2,477,477,1,68.0
HybridCompositionFunction3,2,477,477,1,64.0
HybridCompositionFunction3,2,477,477,1,69.0
HybridCompositionFunction3,2,477,477,1,63.0
HybridCompositionFunction3,2,477,477,1,88.0
HybridCompositionFunction3,2,477,477,1,63.0
HybridCompositionFunction3,2,477,477,1,69.0
HybridCompositionFunction3,2,477,477,1,68.0
HybridCompositionFunction3,2,477,477,1,98.0
HybridCompositionFunction3,2,477,477,1,86.0
HybridCompositionFunction3,2,477,477,1,85.0
HybridCompositionFunction3,2,477,477,1,45.0
HybridCompositionFunction3,2,477,477,1,78.0
HybridCompositionFunction3,2,477,477,1,42.0
HybridCompositionFunction3,2,477,477,1,63.0
HybridCompositionFunction3,2,477,477,1,76.0
HybridCompositionFunction3,2,477,477,1,122.0
HybridCompositionFunction3,2,477,477,1,57.0
HybridCompositionFunction3,2,477,477,1,74.0
HybridCompositionFunction3,2,477,477,1,71.0
HybridCompositionFunction3,2,477,477,1,115.0
HybridCompositionFunction3,2,477,477,1,69.0
HybridCompositionFunction3,2,477,477,1,45.0
HybridCompositionFunction3,2,477,477,1,52.0
HybridCompositionFunction3,2,477,477,1,66.0
HybridCompositionFunction3,2,477,477,1,66.0
HybridCompositionFunction3,2,477,477,1,30.0
HybridCompositionFunction3,2,477,477,1,68.0
HybridCompositionFunction3,2,477,477,1,125.0
HybridCompositionFunction3,2,477,477,1,20.0
HybridCompositionFunction3,2,477,477,1,68.0
HybridCompositionFunction3,2,477,477,1,62.0
HybridCompositionFunction3,2,477,477,1,50.0
HybridCompositionFunction3,2,477,477,1,40.0
HybridCompositionFunction3,2,477,477,1,140.0
HybridCompositionFunction3,2,477,477,1,105.0
HybridCompositionFunction3,2,477,477,1,81.0
HybridCompositionFunction3,2,477,477,1,52.0
HybridCompositionFunction3,2,477,477,1,64.0
HybridCompositionFunction3,2,477,477,1,56.0
HybridCompositionFunction3,2,477,477,1,98.0
HybridCompositionFunction3,2,477,477,1,93.0
HybridCompositionFunction3,2,477,477,1,64.0
HybridCompositionFunction3,2,477,477,1,65.0
HybridCompositionFunction3,2,477,477,1,82.0
HybridCompositionFunction3,2,477,477,1,70.0
HybridCompositionFunction3,2,477,477,1,56.0
HybridCompositionFunction3,2,477,477,1,49.0
HybridCompositionFunction3,2,477,477,1,43.0
HybridCompositionFunction3,2,477,477,1,61.0
HybridCompositionFunction3,2,477,477,1,78.0
HybridCompositionFunction3,2,477,477,1,89.0
HybridCompositionFunction3,2,477,477,1,84.0
HybridCompositionFunction3,2,477,477,1,40.0
HybridCompositionFunction3,2,477,477,1,66.0
HybridCompositionFunction3,2,477,477,1,80.0
HybridCompositionFunction3,2,477,477,1,52.0
HybridCompositionFunction3,2,477,477,1,33.0
HybridCompositionFunction3,2,477,477,1,150.0
HybridCompositionFunction3,2,477,477,1,100.0
HybridCompositionFunction3,2,477,477,1,80.0
HybridCompositionFunction3,2,477,477,1,63.0
HybridCompositionFunction3,2,477,477,1,130.0
HybridCompositionFunction3H,2,477,477,0,
HybridCompositionFunction3H,2,477,477,0,
HybridCompositionFunction3H,2,477,477,0,
HybridCompositionFunction3H,2,477,477,0,
HybridCompositionFunction3H,2,477,477,0,
HybridCompositionFunction3H,2,477,477,1,381.0
HybridCompositionFunction3H,2,477,477,0,
HybridCompositionFunction3H,2,477,477,0,
HybridCompositionFunction3H,2,477,477,0,
HybridCompositionFunction3H,2,477,477,0,
HybridCompositionFunction3H,2,477,477,0,
HybridCompositionFunction3H,2,477,477,1,190.0
HybridCompositionFunction3H,2,477,477,0,
HybridCompositionFunction3H,2,477,477,0,
HybridCompositionFunction3H,2,477,477,0,
HybridCompositionFunction3H,2,477,477,1,437.0
HybridCompositionFunction3H,2,477,477,0,
HybridCompositionFunction3H,2,477,477,0,
HybridCompositionFunction3H,2,477,477,1,157.0
HybridCompositionFunction3H,2,477,477,0,
HybridCompositionFunction3H,2,477,477,0,
HybridCompositionFunction3H,2,477,477,1,347.0
HybridCompositionFunction3H,2,477,477,0,
HybridCompositionFunction3H,2,477,477,0,
HybridCompositionFunction3H,2,477,477,0,
HybridCompositionFunction3H,2,477,477,1,2.0
HybridCompositionFunction3H,2,477,477,1,447.0
HybridCompositionFunction3H,2,477,477,1,170.0
HybridCompositionFunction3H,2,477,477,0,
HybridCompositionFunction3H,2,477,477,1,416.0
HybridCompositionFunction3H,2,477,477,0,
HybridCompositionFunction3H,2,477,477,0,
HybridCompositionFunction3H,2,477,477,0,
HybridCompositionFunction3H,2,477,477,0,
HybridCompositionFunction3H,2,477,477,0,
HybridCompositionFunction3H,2,477,477,0,
HybridCompositionFunction3H,2,477,477,1,275.0
HybridCompositionFunction3H,2,477,477,0,
HybridCompositionFunction3H,2,477,477,0,
HybridCompositionFunction3H,2,477,477,0,
HybridCompositionFunction3H,2,477,477,0,
HybridCompositionFunction3H,2,477,477,0,
HybridCompositionFunction3H,2,477,477,1,468.0
HybridCompositionFunction3H,2,477,477,1,320.0
HybridCompositionFunction3H,2,477,477,0,
HybridCompositionFunction3H,2,477,477,1,399.0
HybridCompositionFunction3H,2,477,477,0,
HybridCompositionFunction3H,2,477,477,0,
HybridCompositionFunction3H,2,477,477,1,195.0
HybridCompositionFunction3H,2,477,477,1,454.0
HybridCompositionFunction3H,2,477,477,0,
HybridCompositionFunction3H,2,477,477,0,
HybridCompositionFunction3H,2,477,477,0,
HybridCompositionFunction3H,2,477,477,0,
HybridCompositionFunction3H,2,477,477,1,367.0
HybridCompositionFunction3H,2,477,477,0,
HybridCompositionFunction3H,2,477,477,0,
HybridCompositionFunction3H,2,477,477,0,
HybridCompositionFunction3H,2,477,477,0,
HybridCompositionFunction3H,2,477,477,0,
HybridCompositionFunction3H,2,477,477,0,
HybridCompositionFunction3H,2,477,477,0,
HybridCompositionFunction3H,2,477,477,0,
HybridCompositionFunction3H,2,477,477,0,
HybridCompositionFunction3H,2,477,477,0,
HybridCompositionFunction3H,2,477,477,0,
HybridCompositionFunction3H,2,477,477,0,
HybridCompositionFunction3H,2,477,477,0,
HybridCompositionFunction3H,2,477,477,0,
HybridCompositionFunction3H,2,477,477,0,
HybridCompositionFunction3H,2,477,477,0,
HybridCompositionFunction3H,2,477,477,0,
HybridCompositionFunction3H,2,477,477,0,
HybridCompositionFunction3H,2,477,477,0,
HybridCompositionFunction3H,2,477,477,0,
HybridCompositionFunction3H,2,477,477,0,
HybridCompositionFunction3H,2,477,477,0,
HybridCompositionFunction3H,2,477,477,1,54.0
HybridCompositionFunction3H,2,477,477,0,
HybridCompositionFunction3H,2,477,477,0,
HybridCompositionFunction3H,2,477,477,0,
HybridCompositionFunction3H,2,477,477,0,
HybridCompositionFunction3H,2,477,477,0,
HybridCompositionFunction3H,2,477,477,0,
HybridCompositionFunction3H,2,477,477,0,
HybridCompositionFunction3H,2,477,477,0,
HybridCompositionFunction3H,2,477,477,1,3.0
HybridCompositionFunction3H,2,477,477,0,
HybridCompositionFunction3H,2,477,477,0,
HybridCompositionFunction3H,2,477,477,0,
HybridCompositionFunction3H,2,477,477,0,
HybridCompositionFunction3H,2,477,477,0,
HybridCompositionFunction3H,2,477,477,0,
HybridCompositionFunction3H,2,477,477,0,
HybridCompositionFunction3H,2,477,477,1,1.0
HybridCompositionFunction3H,2,477,477,0,
HybridCompositionFunction3H,2,477,477,0,
HybridCompositionFunction3H,2,477,477,0,
HybridCompositionFunction3H,2,477,477,0,
HybridCompositionFunction3H,2,477,477,0,
NonContinuousHybridCompositionFunction3,2,477,477,1,140.0
NonContinuousHybridCompositionFunction3,2,477,477,1,156.0
NonContinuousHybridCompositionFunction3,2,477,477,1,206.0
NonContinuousHybridCompositionFunction3,2,477,477,1,107.0
NonContinuousHybridCompositionFunction3,2,477,477,1,118.0
NonContinuousHybridCompositionFunction3,2,477,477,1,158.0
NonContinuousHybridCompositionFunction3,2,477,477,1,196.0
NonContinuousHybridCompositionFunction3,2,477,477,1,126.0
NonContinuousHybridCompositionFunction3,2,477,477,0,
NonContinuousHybridCompositionFunction3,2,477,477,1,179.0
NonContinuousHybridCompositionFunction3,2,477,477,1,134.0
NonContinuousHybridCompositionFunction3,2,477,477,0,
NonContinuousHybridCompositionFunction3,2,477,477,1,131.0
NonContinuousHybridCompositionFunction3,2,477,477,1,146.0
NonContinuousHybridCompositionFunction3,2,477,477,0,
NonContinuousHybridCompositionFunction3,2,477,477,1,190.0
NonContinuousHybridCompositionFunction3,2,477,477,1,133.0
NonContinuousHybridCompositionFunction3,2,477,477,1,83.0
NonContinuousHybridCompositionFunction3,2,477,477,1,86.0
NonContinuousHybridCompositionFunction3,2,477,477,1,101.0
NonContinuousHybridCompositionFunction3,2,477,477,1,274.0
NonContinuousHybridCompositionFunction3,2,477,477,1,112.0
NonContinuousHybridCompositionFunction3,2,477,477,1,59.0
NonContinuousHybridCompositionFunction3,2,477,477,0,
NonContinuousHybridCompositionFunction3,2,477,477,1,66.0
NonContinuousHybridCompositionFunction3,2,477,477,1,184.0
NonContinuousHybridCompositionFunction3,2,477,477,1,133.0
NonContinuousHybridCompositionFunction3,2,477,477,1,73.0
NonContinuousHybridCompositionFunction3,2,477,477,1,154.0
NonContinuousHybridCompositionFunction3,2,477,477,0,
NonContinuousHybridCompositionFunction3,2,477,477,1,117.0
NonContinuousHybridCompositionFunction3,2,477,477,1,60.0
NonContinuousHybridCompositionFunction3,2,477,477,1,271.0
NonContinuousHybridCompositionFunction3,2,477,477,1,189.0
NonContinuousHybridCompositionFunction3,2,477,477,1,143.0
NonContinuousHybridCompositionFunction3,2,477,477,1,124.0
NonContinuousHybridCompositionFunction3,2,477,477,1,155.0
NonContinuousHybridCompositionFunction3,2,477,477,1,20.0
NonContinuousHybridCompositionFunction3,2,477,477,0,
NonContinuousHybridCompositionFunction3,2,477,477,1,81.0
NonContinuousHybridCompositionFunction3,2,477,477,1,143.0
NonContinuousHybridCompositionFunction3,2,477,477,1,48.0
NonContinuousHybridCompositionFunction3,2,477,477,1,183.0
NonContinuousHybridCompositionFunction3,2,477,477,1,123.0
NonContinuousHybridCompositionFunction3,2,477,477,1,122.0
NonContinuousHybridCompositionFunction3,2,477,477,1,141.0
NonContinuousHybridCompositionFunction3,2,477,477,1,18.0
NonContinuousHybridCompositionFunction3,2,477,477,1,114.0
NonContinuousHybridCompositionFunction3,2,477,477,0,
NonContinuousHybridCompositionFunction3,2,477,477,1,121.0
NonContinuousHybridCompositionFunction3,2,477,477,1,84.0
NonContinuousHybridCompositionFunction3,2,477,477,1,108.0
NonContinuousHybridCompositionFunction3,2,477,477,1,173.0
NonContinuousHybridCompositionFunction3,2,477,477,1,182.0
NonContinuousHybridCompositionFunction3,2,477,477,0,
NonContinuousHybridCompositionFunction3,2,477,477,1,66.0
NonContinuousHybridCompositionFunction3,2,477,477,0,
NonContinuousHybridCompositionFunction3,2,477,477,0,
NonContinuousHybridCompositionFunction3,2,477,477,1,71.0
NonContinuousHybridCompositionFunction3,2,477,477,0,
NonContinuousHybridCompositionFunction3,2,477,477,1,147.0
NonContinuousHybridCompositionFunction3,2,477,477,1,174.0
NonContinuousHybridCompositionFunction3,2,477,477,1,60.0
NonContinuousHybridCompositionFunction3,2,477,477,1,70.0
NonContinuousHybridCompositionFunction3,2,477,477,1,204.0
NonContinuousHybridCompositionFunction3,2,477,477,1,187.0
NonContinuousHybridCompositionFunction3,2,477,477,1,97.0
NonContinuousHybridCompositionFunction3,2,477,477,1,57.0
NonContinuousHybridCompositionFunction3,2,477,477,1,81.0
NonContinuousHybridCompositionFunction3,2,477,477,1,143.0
NonContinuousHybridCompositionFunction3,2,477,477,1,70.0
NonContinuousHybridCompositionFunction3,2,477,477,1,110.0
NonContinuousHybridCompositionFunction3,2,477,477,1,130.0
NonContinuousHybridCompositionFunction3,2,477,477,1,84.0
NonContinuousHybridCompositionFunction3,2,477,477,1,135.0
NonContinuousHybridCompositionFunction3,2,477,477,1,64.0
NonContinuousHybridCompositionFunction3,2,477,477,1,129.0
NonContinuousHybridCompositionFunction3,2,477,477,1,120.0
NonContinuousHybridCompositionFunction3,2,477,477,1,90.0
NonContinuousHybridCompositionFunction3,2,477,477,1,145.0
NonContinuousHybridCompositionFunction3,2,477,477,1,82.0
NonContinuousHybridCompositionFunction3,2,477,477,1,80.0
NonContinuousHybridCompositionFunction3,2,477,477,0,
NonContinuousHybridCompositionFunction3,2,477,477,1,89.0
NonContinuousHybridCompositionFunction3,2,477,477,1,136.0
NonContinuousHybridCompositionFunction3,2,477,477,1,107.0
NonContinuousHybridCompositionFunction3,2,477,477,1,117.0
NonContinuousHybridCompositionFunction3,2,477,477,1,154.0
NonContinuousHybridCompositionFunction3,2,477,477,1,92.0
NonContinuousHybridCompositionFunction3,2,477,477,1,361.0
NonContinuousHybridCompositionFunction3,2,477,477,1,183.0
NonContinuousHybridCompositionFunction3,2,477,477,1,110.0
NonContinuousHybridCompositionFunction3,2,477,477,1,115.0
NonContinuousHybridCompositionFunction3,2,477,477,0,
NonContinuousHybridCompositionFunction3,2,477,477,1,94.0
NonContinuousHybridCompositionFunction3,2,477,477,0,
NonContinuousHybridCompositionFunction3,2,477,477,1,74.0
NonContinuousHybridCompositionFunction3,2,477,477,1,156.0
NonContinuousHybridCompositionFunction3,2,477,477,1,280.0
NonContinuousHybridCompositionFunction3,2,477,477,1,53.0
HybridCompositionFunction4,2,799,799,0,
HybridCompositionFunction4,2,799,799,0,
HybridCompositionFunction4,2,799,799,0,
HybridCompositionFunction4,2,799,799,0,
HybridCompositionFunction4,2,799,799,0,
HybridCompositionFunction4,2,799,799,0,
HybridCompositionFunction4,2,799,799,0,
HybridCompositionFunction4,2,799,799,0,
HybridCompositionFunction4,2,799,799,0,
HybridCompositionFunction4,2,799,799,0,
HybridCompositionFunction4,2,799,799,0,
HybridCompositionFunction4,2,799,799,0,
HybridCompositionFunction4,2,799,799,0,
HybridCompositionFunction4,2,799,799,0,
HybridCompositionFunction4,2,799,799,0,
HybridCompositionFunction4,2,799,799,0,
HybridCompositionFunction4,2,799,799,0,
HybridCompositionFunction4,2,799,799,0,
HybridCompositionFunction4,2,799,799,0,
HybridCompositionFunction4,2,799,799,0,
HybridCompositionFunction4,2,799,799,0,
HybridCompositionFunction4,2,799,799,0,
HybridCompositionFunction4,2,799,799,0,
HybridCompositionFunction4,2,799,799,0,
HybridCompositionFunction4,2,799,799,0,
HybridCompositionFunction4,2,799,799,0,
HybridCompositionFunction4,2,799,799,0,
HybridCompositionFunction4,2,799,799,0,
HybridCompositionFunction4,2,799,799,0,
HybridCompositionFunction4,2,799,799,0,
HybridCompositionFunction4,2,799,799,0,
HybridCompositionFunction4,2,799,799,0,
HybridCompositionFunction4,2,799,799,0,
HybridCompositionFunction4,2,799,799,0,
HybridCompositionFunction4,2,799,799,0,
HybridCompositionFunction4,2,799,799,0,
HybridCompositionFunction4,2,799,799,0,
HybridCompositionFunction4,2,799,799,0,
HybridCompositionFunction4,2,799,799,0,
HybridCompositionFunction4,2,799,799,0,
HybridCompositionFunction4,2,799,799,0,
HybridCompositionFunction4,2,799,799,0,
HybridCompositionFunction4,2,799,799,0,
HybridCompositionFunction4,2,799,799,0,
HybridCompositionFunction4,2,799,799,0,
HybridCompositionFunction4,2,799,799,0,
HybridCompositionFunction4,2,799,799,0,
HybridCompositionFunction4,2,799,799,0,
HybridCompositionFunction4,2,799,799,0,
HybridCompositionFunction4,2,799,799,0,
HybridCompositionFunction4,2,799,799,0,
HybridCompositionFunction4,2,799,799,0,
HybridCompositionFunction4,2,799,799,0,
HybridCompositionFunction4,2,799,799,0,
HybridCompositionFunction4,2,799,799,0,
HybridCompositionFunction4,2,799,799,0,
HybridCompositionFunction4,2,799,799,0,
HybridCompositionFunction4,2,799,799,0,
HybridCompositionFunction4,2,799,799,0,
HybridCompositionFunction4,2,799,799,0,
HybridCompositionFunction4,2,799,799,0,
HybridCompositionFunction4,2,799,799,0,
HybridCompositionFunction4,2,799,799,0,
HybridCompositionFunction4,2,799,799,0,
HybridCompositionFunction4,2,799,799,0,
HybridCompositionFunction4,2,799,799,0,
HybridCompositionFunction4,2,799,799,0,
HybridCompositionFunction4,2,799,799,0,
HybridCompositionFunction4,2,799,799,0,
HybridCompositionFunction4,2,799,799,0,
HybridCompositionFunction4,2,799,799,0,
HybridCompositionFunction4,2,799,799,0,
HybridCompositionFunction4,2,799,799,0,
HybridCompositionFunction4,2,799,799,0,
HybridCompositionFunction4,2,799,799,0,
HybridCompositionFunction4,2,799,799,0,
HybridCompositionFunction4,2,799,799,0,
HybridCompositionFunction4,2,799,799,0,
HybridCompositionFunction4,2,799,799,0,
HybridCompositionFunction4,2,799,799,0,
HybridCompositionFunction4,2,799,799,0,
HybridCompositionFunction4,2,799,799,0,
HybridCompositionFunction4,2,799,799,0,
HybridCompositionFunction4,2,799,799,0,
HybridCompositionFunction4,2,799,799,0,
HybridCompositionFunction4,2,799,799,0,
HybridCompositionFunction4,2,799,799,0,
HybridCompositionFunction4,2,799,799,0,
HybridCompositionFunction4,2,799,799,0,
HybridCompositionFunction4,2,799,799,0,
HybridCompositionFunction4,2,799,799,0,
HybridCompositionFunction4,2,799,799,0,
HybridCompositionFunction4,2,799,799,0,
HybridCompositionFunction4,2,799,799,0,
HybridCompositionFunction4,2,799,799,0,
HybridCompositionFunction4,2,799,799,0,
HybridCompositionFunction4,2,799,799,0,
HybridCompositionFunction4,2,799,799,0,
HybridCompositionFunction4,2,799,799,0,
HybridCompositionFunction4,2,799,799,0,
HybridCompositionFunction4withoutbounds,2,1000,1000,0,
HybridCompositionFunction4withoutbounds,2,1000,1000,0,
HybridCompositionFunction4withoutbounds,2,1000,1000,0,
HybridCompositionFunction4withoutbounds,2,1000,1000,0,
HybridCompositionFunction4withoutbounds,2,1000,1000,0,
HybridCompositionFunction4withoutbounds,2,1000,1000,0,
HybridCompositionFunction4withoutbounds,2,1000,1000,0,
HybridCompositionFunction4withoutbounds,2,1000,1000,0,
HybridCompositionFunction4withoutbounds,2,1000,1000,0,
HybridCompositionFunction4withoutbounds,2,1000,1000,0,
HybridCompositionFunction4withoutbounds,2,1000,1000,0,
HybridCompositionFunction4withoutbounds,2,1000,1000,0,
HybridCompositionFunction4withoutbounds,2,1000,1000,0,
HybridCompositionFunction4withoutbounds,2,1000,1000,0,
HybridCompositionFunction4withoutbounds,2,1000,1000,0,
HybridCompositionFunction4withoutbounds,2,1000,1000,0,
HybridCompositionFunction4withoutbounds,2,1000,1000,0,
HybridCompositionFunction4withoutbounds,2,1000,1000,0,
HybridCompositionFunction4withoutbounds,2,1000,1000,0,
HybridCompositionFunction4withoutbounds,2,1000,1000,0,
HybridCompositionFunction4withoutbounds,2,1000,1000,0,
HybridCompositionFunction4withoutbounds,2,1000,1000,0,
HybridCompositionFunction4withoutbounds,2,1000,1000,0,
HybridCompositionFunction4withoutbounds,2,1000,1000,0,
HybridCompositionFunction4withoutbounds,2,1000,1000,0,
HybridCompositionFunction4withoutbounds,2,1000,1000,0,
HybridCompositionFunction4withoutbounds,2,1000,1000,0,
HybridCompositionFunction4withoutbounds,2,1000,1000,0,
HybridCompositionFunction4withoutbounds,2,1000,1000,0,
HybridCompositionFunction4withoutbounds,2,1000,1000,0,
HybridCompositionFunction4withoutbounds,2,1000,1000,0,
HybridCompositionFunction4withoutbounds,2,1000,1000,0,
HybridCompositionFunction4withoutbounds,2,1000,1000,0,
HybridCompositionFunction4withoutbounds,2,1000,1000,0,
HybridCompositionFunction4withoutbounds,2,1000,1000,0,
HybridCompositionFunction4withoutbounds,2,1000,1000,0,
HybridCompositionFunction4withoutbounds,2,1000,1000,0,
HybridCompositionFunction4withoutbounds,2,1000,1000,0,
HybridCompositionFunction4withoutbounds,2,1000,1000,0,
HybridCompositionFunction4withoutbounds,2,1000,1000,0,
HybridCompositionFunction4withoutbounds,2,1000,1000,0,
HybridCompositionFunction4withoutbounds,2,1000,1000,0,
HybridCompositionFunction4withoutbounds,2,1000,1000,0,
HybridCompositionFunction4withoutbounds,2,1000,1000,0,
HybridCompositionFunction4withoutbounds,2,1000,1000,0,
HybridCompositionFunction4withoutbounds,2,1000,1000,0,
HybridCompositionFunction4withoutbounds,2,1000,1000,0,
HybridCompositionFunction4withoutbounds,2,1000,1000,0,
HybridCompositionFunction4withoutbounds,2,1000,1000,0,
HybridCompositionFunction4withoutbounds,2,1000,1000,0,
HybridCompositionFunction4withoutbounds,2,1000,1000,0,
HybridCompositionFunction4withoutbounds,2,1000,1000,0,
HybridCompositionFunction4withoutbounds,2,1000,1000,0,
HybridCompositionFunction4withoutbounds,2,1000,1000,0,
HybridCompositionFunction4withoutbounds,2,1000,1000,0,
HybridCompositionFunction4withoutbounds,2,1000,1000,0,
HybridCompositionFunction4withoutbounds,2,1000,1000,0,
HybridCompositionFunction4withoutbounds,2,1000,1000,0,
HybridCompositionFunction4withoutbounds,2,1000,1000,0,
HybridCompositionFunction4withoutbounds,2,1000,1000,0,
HybridCompositionFunction4withoutbounds,2,1000,1000,0,
HybridCompositionFunction4withoutbounds,2,1000,1000,0,
HybridCompositionFunction4withoutbounds,2,1000,1000,0,
HybridCompositionFunction4withoutbounds,2,1000,1000,0,
HybridCompositionFunction4withoutbounds,2,1000,1000,0,
HybridCompositionFunction4withoutbounds,2,1000,1000,0,
HybridCompositionFunction4withoutbounds,2,1000,1000,0,
HybridCompositionFunction4withoutbounds,2,1000,1000,0,
HybridCompositionFunction4withoutbounds,2,1000,1000,0,
HybridCompositionFunction4withoutbounds,2,1000,1000,0,
HybridCompositionFunction4withoutbounds,2,1000,1000,0,
HybridCompositionFunction4withoutbounds,2,1000,1000,0,
HybridCompositionFunction4withoutbounds,2,1000,1000,0,
HybridCompositionFunction4withoutbounds,2,1000,1000,0,
HybridCompositionFunction4withoutbounds,2,1000,1000,0,
HybridCompositionFunction4withoutbounds,2,1000,1000,0,
HybridCompositionFunction4withoutbounds,2,1000,1000,0,
HybridCompositionFunction4withoutbounds,2,1000,1000,0,
HybridCompositionFunction4withoutbounds,2,1000,1000,0,
HybridCompositionFunction4withoutbounds,2,1000,1000,0,
HybridCompositionFunction4withoutbounds,2,1000,1000,0,
HybridCompositionFunction4withoutbounds,2,1000,1000,0,
HybridCompositionFunction4withoutbounds,2,1000,1000,0,
HybridCompositionFunction4withoutbounds,2,1000,1000,0,
HybridCompositionFunction4withoutbounds,2,1000,1000,0,
HybridCompositionFunction4withoutbounds,2,1000,1000,0,
HybridCompositionFunction4withoutbounds,2,1000,1000,0,
HybridCompositionFunction4withoutbounds,2,1000,1000,0,
HybridCompositionFunction4withoutbounds,2,1000,1000,0,
HybridCompositionFunction4withoutbounds,2,1000,1000,0,
HybridCompositionFunction4withoutbounds,2,1000,1000,0,
HybridCompositionFunction4withoutbounds,2,1000,1000,0,
HybridCompositionFunction4withoutbounds,2,1000,1000,0,
HybridCompositionFunction4withoutbounds,2,1000,1000,0,
HybridCompositionFunction4withoutbounds,2,1000,1000,0,
HybridCompositionFunction4withoutbounds,2,1000,1000,0,
HybridCompositionFunction4withoutbounds,2,1000,1000,0,
HybridCompositionFunction4withoutbounds,2,1000,1000,0,
HybridCompositionFunction4withoutbounds,2,1000,1000,0,
HybridCompositionFunction4withoutbounds,2,1000,1000,0,
Rosenbrock,2,100,100,1,87.0
Rosenbrock,2,100,100,1,72.0
Rosenbrock,2,100,100,0,
Rosenbrock,2,100,100,1,79.0
Rosenbrock,2,100,100,1,50.0
Rosenbrock,2,100,100,1,36.0
Rosenbrock,2,100,100,0,
Rosenbrock,2,100,100,0,
Rosenbrock,2,100,100,1,13.0
Rosenbrock,2,100,100,1,42.0
Rosenbrock,2,100,100,1,23.0
Rosenbrock,2,100,100,1,9.0
Rosenbrock,2,100,100,1,7.0
Rosenbrock,2,100,100,1,60.0
Rosenbrock,2,100,100,1,50.0
Rosenbrock,2,100,100,1,32.0
Rosenbrock,2,100,100,1,24.0
Rosenbrock,2,100,100,0,
Rosenbrock,2,100,100,1,6.0
Rosenbrock,2,100,100,1,28.0
Rosenbrock,2,100,100,0,
Rosenbrock,2,100,100,1,74.0
Rosenbrock,2,100,100,0,
Rosenbrock,2,100,100,0,
Rosenbrock,2,100,100,1,18.0
Rosenbrock,2,100,100,1,28.0
Rosenbrock,2,100,100,1,90.0
Rosenbrock,2,100,100,1,37.0
Rosenbrock,2,100,100,0,
Rosenbrock,2,100,100,1,19.0
Rosenbrock,2,100,100,1,19.0
Rosenbrock,2,100,100,1,7.0
Rosenbrock,2,100,100,1,58.0
Rosenbrock,2,100,100,0,
Rosenbrock,2,100,100,1,47.0
Rosenbrock,2,100,100,1,49.0
Rosenbrock,2,100,100,1,61.0
Rosenbrock,2,100,100,1,72.0
Rosenbrock,2,100,100,1,45.0
Rosenbrock,2,100,100,0,
Rosenbrock,2,100,100,1,36.0
Rosenbrock,2,100,100,1,31.0
Rosenbrock,2,100,100,1,13.0
Rosenbrock,2,100,100,1,72.0
Rosenbrock,2,100,100,1,64.0
Rosenbrock,2,100,100,0,
Rosenbrock,2,100,100,1,99.0
Rosenbrock,2,100,100,0,
Rosenbrock,2,100,100,1,49.0
Rosenbrock,2,100,100,1,16.0
Rosenbrock,2,100,100,1,31.0
Rosenbrock,2,100,100,1,46.0
Rosenbrock,2,100,100,1,41.0
Rosenbrock,2,100,100,1,38.0
Rosenbrock,2,100,100,0,
Rosenbrock,2,100,100,1,46.0
Rosenbrock,2,100,100,0,
Rosenbrock,2,100,100,1,32.0
Rosenbrock,2,100,100,0,
Rosenbrock,2,100,100,1,48.0
Rosenbrock,2,100,100,1,36.0
Rosenbrock,2,100,100,0,
Rosenbrock,2,100,100,1,65.0
Rosenbrock,2,100,100,1,54.0
Rosenbrock,2,100,100,1,8.0
Rosenbrock,2,100,100,1,73.0
Rosenbrock,2,100,100,1,21.0
Rosenbrock,2,100,100,0,
Rosenbrock,2,100,100,1,86.0
Rosenbrock,2,100,100,0,
Rosenbrock,2,100,100,1,3.0
Rosenbrock,2,100,100,1,58.0
Rosenbrock,2,100,100,1,39.0
Rosenbrock,2,100,100,1,20.0
Rosenbrock,2,100,100,1,70.0
Rosenbrock,2,100,100,1,23.0
Rosenbrock,2,100,100,0,
Rosenbrock,2,100,100,0,
Rosenbrock,2,100,100,1,84.0
Rosenbrock,2,100,100,1,96.0
Rosenbrock,2,100,100,0,
Rosenbrock,2,100,100,1,49.0
Rosenbrock,2,100,100,0,
Rosenbrock,2,100,100,0,
Rosenbrock,2,100,100,0,
Rosenbrock,2,100,100,1,61.0
Rosenbrock,2,100,100,0,
Rosenbrock,2,100,100,1,46.0
Rosenbrock,2,100,100,1,36.0
Rosenbrock,2,100,100,1,59.0
Rosenbrock,2,100,100,1,8.0
Rosenbrock,2,100,100,1,10.0
Rosenbrock,2,100,100,1,26.0
Rosenbrock,2,100,100,0,
Rosenbrock,2,100,100,1,75.0
Rosenbrock,2,100,100,0,
Rosenbrock,2,100,100,1,44.0
Rosenbrock,2,100,100,1,52.0
Rosenbrock,2,100,100,1,64.0
Rosenbrock,2,100,100,0,
ExpandedScaffers_F6,2,100,100,0,
ExpandedScaffers_F6,2,100,100,0,
ExpandedScaffers_F6,2,100,100,1,63.0
ExpandedScaffers_F6,2,100,100,1,74.0
ExpandedScaffers_F6,2,100,100,1,33.0
ExpandedScaffers_F6,2,100,100,1,49.0
ExpandedScaffers_F6,2,100,100,1,40.0
ExpandedScaffers_F6,2,100,100,1,36.0
ExpandedScaffers_F6,2,100,100,1,47.0
ExpandedScaffers_F6,2,100,100,0,
ExpandedScaffers_F6,2,100,100,0,
ExpandedScaffers_F6,2,100,100,1,70.0
ExpandedScaffers_F6,2,100,100,1,45.0
ExpandedScaffers_F6,2,100,100,1,68.0
ExpandedScaffers_F6,2,100,100,1,47.0
ExpandedScaffers_F6,2,100,100,1,60.0
ExpandedScaffers_F6,2,100,100,1,89.0
ExpandedScaffers_F6,2,100,100,1,46.0
ExpandedScaffers_F6,2,100,100,1,49.0
ExpandedScaffers_F6,2,100,100,1,34.0
ExpandedScaffers_F6,2,100,100,1,65.0
ExpandedScaffers_F6,2,100,100,1,82.0
ExpandedScaffers_F6,2,100,100,1,58.0
ExpandedScaffers_F6,2,100,100,1,54.0
ExpandedScaffers_F6,2,100,100,1,34.0
ExpandedScaffers_F6,2,100,100,1,39.0
ExpandedScaffers_F6,2,100,100,0,
ExpandedScaffers_F6,2,100,100,1,53.0
ExpandedScaffers_F6,2,100,100,1,37.0
ExpandedScaffers_F6,2,100,100,1,42.0
ExpandedScaffers_F6,2,100,100,1,38.0
ExpandedScaffers_F6,2,100,100,0,
ExpandedScaffers_F6,2,100,100,1,38.0
ExpandedScaffers_F6,2,100,100,0,
ExpandedScaffers_F6,2,100,100,1,76.0
ExpandedScaffers_F6,2,100,100,1,41.0
ExpandedScaffers_F6,2,100,100,1,26.0
ExpandedScaffers_F6,2,100,100,0,
ExpandedScaffers_F6,2,100,100,1,45.0
ExpandedScaffers_F6,2,100,100,1,56.0
ExpandedScaffers_F6,2,100,100,1,59.0
ExpandedScaffers_F6,2,100,100,1,40.0
ExpandedScaffers_F6,2,100,100,1,44.0
ExpandedScaffers_F6,2,100,100,0,
ExpandedScaffers_F6,2,100,100,1,41.0
ExpandedScaffers_F6,2,100,100,0,
ExpandedScaffers_F6,2,100,100,1,59.0
ExpandedScaffers_F6,2,100,100,1,78.0
ExpandedScaffers_F6,2,100,100,1,43.0
ExpandedScaffers_F6,2,100,100,1,69.0
ExpandedScaffers_F6,2,100,100,1,35.0
ExpandedScaffers_F6,2,100,100,1,37.0
ExpandedScaffers_F6,2,100,100,1,72.0
ExpandedScaffers_F6,2,100,100,1,72.0
ExpandedScaffers_F6,2,100,100,1,46.0
ExpandedScaffers_F6,2,100,100,1,35.0
ExpandedScaffers_F6,2,100,100,1,50.0
ExpandedScaffers_F6,2,100,100,1,46.0
ExpandedScaffers_F6,2,100,100,1,21.0
ExpandedScaffers_F6,2,100,100,1,35.0
ExpandedScaffers_F6,2,100,100,1,44.0
ExpandedScaffers_F6,2,100,100,1,33.0
ExpandedScaffers_F6,2,100,100,1,53.0
ExpandedScaffers_F6,2,100,100,1,51.0
ExpandedScaffers_F6,2,100,100,1,92.0
ExpandedScaffers_F6,2,100,100,0,
ExpandedScaffers_F6,2,100,100,1,77.0
ExpandedScaffers_F6,2,100,100,1,32.0
ExpandedScaffers_F6,2,100,100,1,57.0
ExpandedScaffers_F6,2,100,100,1,74.0
ExpandedScaffers_F6,2,100,100,1,74.0
ExpandedScaffers_F6,2,100,100,1,72.0
ExpandedScaffers_F6,2,100,100,1,52.0
ExpandedScaffers_F6,2,100,100,1,32.0
ExpandedScaffers_F6,2,100,100,1,25.0
ExpandedScaffers_F6,2,100,100,1,38.0
ExpandedScaffers_F6,2,100,100,0,
ExpandedScaffers_F6,2,100,100,1,48.0
ExpandedScaffers_F6,2,100,100,1,33.0
ExpandedScaffers_F6,2,100,100,1,58.0
ExpandedScaffers_F6,2,100,100,1,73.0
ExpandedScaffers_F6,2,100,100,1,40.0
ExpandedScaffers_F6,2,100,100,1,74.0
ExpandedScaffers_F6,2,100,100,1,46.0
ExpandedScaffers_F6,2,100,100,0,
ExpandedScaffers_F6,2,100,100,1,27.0
ExpandedScaffers_F6,2,100,100,1,85.0
ExpandedScaffers_F6,2,100,100,1,61.0
ExpandedScaffers_F6,2,100,100,1,50.0
ExpandedScaffers_F6,2,100,100,1,42.0
ExpandedScaffers_F6,2,100,100,1,45.0
ExpandedScaffers_F6,2,100,100,1,35.0
ExpandedScaffers_F6,2,100,100,1,31.0
ExpandedScaffers_F6,2,100,100,1,45.0
ExpandedScaffers_F6,2,100,100,1,33.0
ExpandedScaffers_F6,2,100,100,1,64.0
ExpandedScaffers_F6,2,100,100,1,35.0
ExpandedScaffers_F6,2,100,100,1,30.0
ExpandedScaffers_F6,2,100,100,1,60.0
ExpandedScaffers_F6,2,100,100,1,49.0
Weierstrass,5,1157,1157,0,
Weierstrass,5,1157,1157,0,
Weierstrass,5,1157,1157,0,
Weierstrass,5,1157,1157,0,
Weierstrass,5,1157,1157,0,
Weierstrass,5,1157,1157,0,
Weierstrass,5,1157,1157,0,
Weierstrass,5,1157,1157,0,
Weierstrass,5,1157,1157,0,
Weierstrass,5,1157,1157,0,
Weierstrass,5,1157,1157,0,
Weierstrass,5,1157,1157,0,
Weierstrass,5,1157,1157,0,
Weierstrass,5,1157,1157,0,
Weierstrass,5,1157,1157,0,
Weierstrass,5,1157,1157,0,
Weierstrass,5,1157,1157,0,
Weierstrass,5,1157,1157,0,
Weierstrass,5,1157,1157,0,
Weierstrass,5,1157,1157,0,
Weierstrass,5,1157,1157,0,
Weierstrass,5,1157,1157,0,
Weierstrass,5,1157,1157,0,
Weierstrass,5,1157,1157,0,
Weierstrass,5,1157,1157,0,
Weierstrass,5,1157,1157,0,
Weierstrass,5,1157,1157,0,
Weierstrass,5,1157,1157,0,
Weierstrass,5,1157,1157,0,
Weierstrass,5,1157,1157,0,
Weierstrass,5,1157,1157,0,
Weierstrass,5,1157,1157,0,
Weierstrass,5,1157,1157,0,
Weierstrass,5,1157,1157,0,
Weierstrass,5,1157,1157,0,
Weierstrass,5,1157,1157,0,
Weierstrass,5,1157,1157,0,
Weierstrass,5,1157,1157,0,
Weierstrass,5,1157,1157,0,
Weierstrass,5,1157,1157,0,
Weierstrass,5,1157,1157,0,
Weierstrass,5,1157,1157,0,
Weierstrass,5,1157,1157,0,
Weierstrass,5,1157,1157,0,
Weierstrass,5,1157,1157,0,
Weierstrass,5,1157,1157,0,
Weierstrass,5,1157,1157,0,
Weierstrass,5,1157,1157,0,
Weierstrass,5,1157,1157,0,
Weierstrass,5,1157,1157,0,
Weierstrass,5,1157,1157,0,
Weierstrass,5,1157,1157,0,
Weierstrass,5,1157,1157,0,
Weierstrass,5,1157,1157,0,
Weierstrass,5,1157,1157,0,
Weierstrass,5,1157,1157,0,
Weierstrass,5,1157,1157,0,
Weierstrass,5,1157,1157,0,
Weierstrass,5,1157,1157,0,
Weierstrass,5,1157,1157,0,
Weierstrass,5,1157,1157,0,
Weierstrass,5,1157,1157,0,
Weierstrass,5,1157,1157,0,
Weierstrass,5,1157,1157,0,
Weierstrass,5,1157,1157,0,
Weierstrass,5,1157,1157,0,
Weierstrass,5,1157,1157,0,
Weierstrass,5,1157,1157,0,
Weierstrass,5,1157,1157,0,
Weierstrass,5,1157,1157,0,
Weierstrass,5,1157,1157,0,
Weierstrass,5,1157,1157,0,
Weierstrass,5,1157,1157,0,
Weierstrass,5,1157,1157,0,
Weierstrass,5,1157,1157,0,
Weierstrass,5,1157,1157,0,
Weierstrass,5,1157,1157,0,
Weierstrass,5,1157,1157,0,
Weierstrass,5,1157,1157,0,
Weierstrass,5,1157,1157,0,
Weierstrass,5,1157,1157,0,
Weierstrass,5,1157,1157,0,
Weierstrass,5,1157,1157,0,
Weierstrass,5,1157,1157,0,
Weierstrass,5,1157,1157,0,
Weierstrass,5,1157,1157,0,
Weierstrass,5,1157,1157,0,
Weierstrass,5,1157,1157,0,
Weierstrass,5,1157,1157,0,
Weierstrass,5,1157,1157,0,
Weierstrass,5,1157,1157,0,
Weierstrass,5,1157,1157,0,
Weierstrass,5,1157,1157,0,
Weierstrass,5,1157,1157,0,
Weierstrass,5,1157,1157,0,
Weierstrass,5,1157,1157,0,
Weierstrass,5,1157,1157,0,
Weierstrass,5,1157,1157,0,
Weierstrass,5,1157,1157,0,
Weierstrass,5,1157,1157,0,
ShiftedSphere,10,125,125,1,119.0
ShiftedSphere,10,125,125,1,117.0
ShiftedSphere,10,125,125,1,122.0
ShiftedSphere,10,125,125,0,
ShiftedSphere,10,125,125,1,122.0
ShiftedSphere,10,125,125,1,118.0
ShiftedSphere,10,125,125,0,
ShiftedSphere,10,125,125,1,118.0
ShiftedSphere,10,125,125,1,125.0
ShiftedSphere,10,125,125,0,
ShiftedSphere,10,125,125,1,122.0
ShiftedSphere,10,125,125,1,119.0
ShiftedSphere,10,125,125,1,114.0
ShiftedSphere,10,125,125,0,
ShiftedSphere,10,125,125,0,
ShiftedSphere,10,125,125,0,
ShiftedSphere,10,125,125,1,117.0
ShiftedSphere,10,125,125,0,
ShiftedSphere,10,125,125,1,121.0
ShiftedSphere,10,125,125,1,108.0
ShiftedSphere,10,125,125,1,112.0
ShiftedSphere,10,125,125,1,124.0
ShiftedSphere,10,125,125,0,
ShiftedSphere,10,125,125,1,113.0
ShiftedSphere,10,125,125,1,125.0
ShiftedSphere,10,125,125,1,118.0
ShiftedSphere,10,125,125,1,124.0
ShiftedSphere,10,125,125,0,
ShiftedSphere,10,125,125,1,124.0
ShiftedSphere,10,125,125,1,112.0
ShiftedSphere,10,125,125,0,
ShiftedSphere,10,125,125,1,124.0
ShiftedSphere,10,125,125,1,120.0
ShiftedSphere,10,125,125,1,124.0
ShiftedSphere,10,125,125,1,118.0
ShiftedSphere,10,125,125,1,113.0
ShiftedSphere,10,125,125,1,121.0
ShiftedSphere,10,125,125,1,117.0
ShiftedSphere,10,125,125,0,
ShiftedSphere,10,125,125,1,98.0
ShiftedSphere,10,125,125,1,105.0
ShiftedSphere,10,125,125,1,118.0
ShiftedSphere,10,125,125,0,
ShiftedSphere,10,125,125,1,117.0
ShiftedSphere,10,125,125,0,
ShiftedSphere,10,125,125,1,114.0
ShiftedSphere,10,125,125,1,109.0
ShiftedSphere,10,125,125,1,122.0
ShiftedSphere,10,125,125,0,
ShiftedSphere,10,125,125,1,116.0
ShiftedSphere,10,125,125,0,
ShiftedSphere,10,125,125,1,121.0
ShiftedSphere,10,125,125,0,
ShiftedSphere,10,125,125,0,
ShiftedSphere,10,125,125,1,111.0
ShiftedSphere,10,125,125,1,117.0
ShiftedSphere,10,125,125,0,
ShiftedSphere,10,125,125,0,
ShiftedSphere,10,125,125,0,
ShiftedSphere,10,125,125,1,124.0
ShiftedSphere,10,125,125,1,114.0
ShiftedSphere,10,125,125,1,125.0
ShiftedSphere,10,125,125,1,122.0
ShiftedSphere,10,125,125,0,
ShiftedSphere,10,125,125,0,
ShiftedSphere,10,125,125,1,119.0
ShiftedSphere,10,125,125,1,115.0
ShiftedSphere,10,125,125,1,120.0
ShiftedSphere,10,125,125,0,
ShiftedSphere,10,125,125,1,122.0
ShiftedSphere,10,125,125,1,114.0
ShiftedSphere,10,125,125,1,108.0
ShiftedSphere,10,125,125,0,
ShiftedSphere,10,125,125,0,
ShiftedSphere,10,125,125,1,118.0
ShiftedSphere,10,125,125,0,
ShiftedSphere,10,125,125,1,120.0
ShiftedSphere,10,125,125,0,
ShiftedSphere,10,125,125,1,124.0
ShiftedSphere,10,125,125,1,122.0
ShiftedSphere,10,125,125,0,
ShiftedSphere,10,125,125,0,
ShiftedSphere,10,125,125,1,112.0
ShiftedSphere,10,125,125,1,111.0
ShiftedSphere,10,125,125,0,
ShiftedSphere,10,125,125,1,100.0
ShiftedSphere,10,125,125,1,117.0
ShiftedSphere,10,125,125,1,118.0
ShiftedSphere,10,125,125,0,
ShiftedSphere,10,125,125,1,111.0
ShiftedSphere,10,125,125,0,
ShiftedSphere,10,125,125,1,119.0
ShiftedSphere,10,125,125,1,117.0
ShiftedSphere,10,125,125,1,124.0
ShiftedSphere,10,125,125,1,112.0
ShiftedSphere,10,125,125,1,105.0
ShiftedSphere,10,125,125,1,122.0
ShiftedSphere,10,125,125,0,
ShiftedSphere,10,125,125,0,
ShiftedSphere,10,125,125,1,106.0
ShiftedSchwefe1_2,10,728,728,0,
ShiftedSchwefe1_2,10,728,728,0,
ShiftedSchwefe1_2,10,728,728,0,
ShiftedSchwefe1_2,10,728,728,0,
ShiftedSchwefe1_2,10,728,728,0,
ShiftedSchwefe1_2,10,728,728,0,
ShiftedSchwefe1_2,10,728,728,0,
ShiftedSchwefe1_2,10,728,728,0,
ShiftedSchwefe1_2,10,728,728,0,
ShiftedSchwefe1_2,10,728,728,0,
ShiftedSchwefe1_2,10,728,728,0,
ShiftedSchwefe1_2,10,728,728,0,
ShiftedSchwefe1_2,10,728,728,0,
ShiftedSchwefe1_2,10,728,728,0,
ShiftedSchwefe1_2,10,728,728,0,
ShiftedSchwefe1_2,10,728,728,0,
ShiftedSchwefe1_2,10,728,728,0,
ShiftedSchwefe1_2,10,728,728,0,
ShiftedSchwefe1_2,10,728,728,0,
ShiftedSchwefe1_2,10,728,728,0,
ShiftedSchwefe1_2,10,728,728,0,
ShiftedSchwefe1_2,10,728,728,0,
ShiftedSchwefe1_2,10,728,728,0,
ShiftedSchwefe1_2,10,728,728,0,
ShiftedSchwefe1_2,10,728,728,0,
ShiftedSchwefe1_2,10,728,728,0,
ShiftedSchwefe1_2,10,728,728,0,
ShiftedSchwefe1_2,10,728,728,0,
ShiftedSchwefe1_2,10,728,728,0,
ShiftedSchwefe1_2,10,728,728,0,
ShiftedSchwefe1_2,10,728,728,0,
ShiftedSchwefe1_2,10,728,728,0,
ShiftedSchwefe1_2,10,728,728,0,
ShiftedSchwefe1_2,10,728,728,0,
ShiftedSchwefe1_2,10,728,728,0,
ShiftedSchwefe1_2,10,728,728,0,
ShiftedSchwefe1_2,10,728,728,0,
ShiftedSchwefe1_2,10,728,728,0,
ShiftedSchwefe1_2,10,728,728,0,
ShiftedSchwefe1_2,10,728,728,0,
ShiftedSchwefe1_2,10,728,728,0,
ShiftedSchwefe1_2,10,728,728,0,
ShiftedSchwefe1_2,10,728,728,0,
ShiftedSchwefe1_2,10,728,728,0,
ShiftedSchwefe1_2,10,728,728,0,
ShiftedSchwefe1_2,10,728,728,0,
ShiftedSchwefe1_2,10,728,728,0,
ShiftedSchwefe1_2,10,728,728,0,
ShiftedSchwefe1_2,10,728,728,0,
ShiftedSchwefe1_2,10,728,728,0,
ShiftedSchwefe1_2,10,728,728,0,
ShiftedSchwefe1_2,10,728,728,0,
ShiftedSchwefe1_2,10,728,728,0,
ShiftedSchwefe1_2,10,728,728,0,
ShiftedSchwefe1_2,10,728,728,0,
ShiftedSchwefe1_2,10,728,728,0,
ShiftedSchwefe1_2,10,728,728,0,
ShiftedSchwefe1_2,10,728,728,0,
ShiftedSchwefe1_2,10,728,728,0,
ShiftedSchwefe1_2,10,728,728,0,
ShiftedSchwefe1_2,10,728,728,0,
ShiftedSchwefe1_2,10,728,728,0,
ShiftedSchwefe1_2,10,728,728,0,
ShiftedSchwefe1_2,10,728,728,0,
ShiftedSchwefe1_2,10,728,728,0,
ShiftedSchwefe1_2,10,728,728,0,
ShiftedSchwefe1_2,10,728,728,0,
ShiftedSchwefe1_2,10,728,728,0,
ShiftedSchwefe1_2,10,728,728,0,
ShiftedSchwefe1_2,10,728,728,0,
ShiftedSchwefe1_2,10,728,728,0,
ShiftedSchwefe1_2,10,728,728,0,
ShiftedSchwefe1_2,10,728,728,0,
ShiftedSchwefe1_2,10,728,728,0,
ShiftedSchwefe1_2,10,728,728,0,
ShiftedSchwefe1_2,10,728,728,0,
ShiftedSchwefe1_2,10,728,728,0,
ShiftedSchwefe1_2,10,728,728,0,
ShiftedSchwefe1_2,10,728,728,0,
ShiftedSchwefe1_2,10,728,728,0,
ShiftedSchwefe1_2,10,728,728,0,
ShiftedSchwefe1_2,10,728,728,0,
ShiftedSchwefe1_2,10,728,728,0,
ShiftedSchwefe1_2,10,728,728,0,
ShiftedSchwefe1_2,10,728,728,0,
ShiftedSchwefe1_2,10,728,728,0,
ShiftedSchwefe1_2,10,728,728,0,
ShiftedSchwefe1_2,10,728,728,0,
ShiftedSchwefe1_2,10,728,728,0,
ShiftedSchwefe1_2,10,728,728,0,
ShiftedSchwefe1_2,10,728,728,0,
ShiftedSchwefe1_2,10,728,728,0,
ShiftedSchwefe1_2,10,728,728,0,
ShiftedSchwefe1_2,10,728,728,0,
ShiftedSchwefe1_2,10,728,728,0,
ShiftedSchwefe1_2,10,728,728,0,
ShiftedSchwefe1_2,10,728,728,0,
ShiftedSchwefe1_2,10,728,728,0,
ShiftedSchwefe1_2,10,728,728,0,
ShiftedSchwefe1_2,10,728,728,0,
ShiftedSchwefe1_2WithNoise,10,757,757,0,
ShiftedSchwefe1_2WithNoise,10,757,757,0,
ShiftedSchwefe1_2WithNoise,10,757,757,0,
ShiftedSchwefe1_2WithNoise,10,757,757,0,
ShiftedSchwefe1_2WithNoise,10,757,757,0,
ShiftedSchwefe1_2WithNoise,10,757,757,0,
ShiftedSchwefe1_2WithNoise,10,757,757,0,
ShiftedSchwefe1_2WithNoise,10,757,757,0,
ShiftedSchwefe1_2WithNoise,10,757,757,0,
ShiftedSchwefe1_2WithNoise,10,757,757,0,
ShiftedSchwefe1_2WithNoise,10,757,757,0,
ShiftedSchwefe1_2WithNoise,10,757,757,0,
ShiftedSchwefe1_2WithNoise,10,757,757,0,
ShiftedSchwefe1_2WithNoise,10,757,757,0,
ShiftedSchwefe1_2WithNoise,10,757,757,0,
ShiftedSchwefe1_2WithNoise,10,757,757,0,
ShiftedSchwefe1_2WithNoise,10,757,757,0,
ShiftedSchwefe1_2WithNoise,10,757,757,0,
ShiftedSchwefe1_2WithNoise,10,757,757,0,
ShiftedSchwefe1_2WithNoise,10,757,757,0,
ShiftedSchwefe1_2WithNoise,10,757,757,0,
ShiftedSchwefe1_2WithNoise,10,757,757,0,
ShiftedSchwefe1_2WithNoise,10,757,757,0,
ShiftedSchwefe1_2WithNoise,10,757,757,0,
ShiftedSchwefe1_2WithNoise,10,757,757,0,
ShiftedSchwefe1_2WithNoise,10,757,757,0,
ShiftedSchwefe1_2WithNoise,10,757,757,0,
ShiftedSchwefe1_2WithNoise,10,757,757,0,
ShiftedSchwefe1_2WithNoise,10,757,757,0,
ShiftedSchwefe1_2WithNoise,10,757,757,0,
ShiftedSchwefe1_2WithNoise,10,757,757,0,
ShiftedSchwefe1_2WithNoise,10,757,757,0,
ShiftedSchwefe1_2WithNoise,10,757,757,0,
ShiftedSchwefe1_2WithNoise,10,757,757,0,
ShiftedSchwefe1_2WithNoise,10,757,757,0,
ShiftedSchwefe1_2WithNoise,10,757,757,0,
ShiftedSchwefe1_2WithNoise,10,757,757,0,
ShiftedSchwefe1_2WithNoise,10,757,757,0,
ShiftedSchwefe1_2WithNoise,10,757,757,0,
ShiftedSchwefe1_2WithNoise,10,757,757,0,
ShiftedSchwefe1_2WithNoise,10,757,757,0,
ShiftedSchwefe1_2WithNoise,10,757,757,0,
ShiftedSchwefe1_2WithNoise,10,757,757,0,
ShiftedSchwefe1_2WithNoise,10,757,757,0,
ShiftedSchwefe1_2WithNoise,10,757,757,0,
ShiftedSchwefe1_2WithNoise,10,757,757,0,
ShiftedSchwefe1_2WithNoise,10,757,757,0,
ShiftedSchwefe1_2WithNoise,10,757,757,0,
ShiftedSchwefe1_2WithNoise,10,757,757,0,
ShiftedSchwefe1_2WithNoise,10,757,757,0,
ShiftedSchwefe1_2WithNoise,10,757,757,0,
ShiftedSchwefe1_2WithNoise,10,757,757,0,
ShiftedSchwefe1_2WithNoise,10,757,757,0,
ShiftedSchwefe1_2WithNoise,10,757,757,0,
ShiftedSchwefe1_2WithNoise,10,757,757,0,
ShiftedSchwefe1_2WithNoise,10,757,757,0,
ShiftedSchwefe1_2WithNoise,10,757,757,0,
ShiftedSchwefe1_2WithNoise,10,757,757,0,
ShiftedSchwefe1_2WithNoise,10,757,757,0,
ShiftedSchwefe1_2WithNoise,10,757,757,0,
ShiftedSchwefe1_2WithNoise,10,757,757,0,
ShiftedSchwefe1_2WithNoise,10,757,757,0,
ShiftedSchwefe1_2WithNoise,10,757,757,0,
ShiftedSchwefe1_2WithNoise,10,757,757,0,
ShiftedSchwefe1_2WithNoise,10,757,757,0,
ShiftedSchwefe1_2WithNoise,10,757,757,0,
ShiftedSchwefe1_2WithNoise,10,757,757,0,
ShiftedSchwefe1_2WithNoise,10,757,757,0,
ShiftedSchwefe1_2WithNoise,10,757,757,0,
ShiftedSchwefe1_2WithNoise,10,757,757,0,
ShiftedSchwefe1_2WithNoise,10,757,757,0,
ShiftedSchwefe1_2WithNoise,10,757,757,0,
ShiftedSchwefe1_2WithNoise,10,757,757,0,
ShiftedSchwefe1_2WithNoise,10,757,757,0,
ShiftedSchwefe1_2WithNoise,10,757,757,0,
ShiftedSchwefe1_2WithNoise,10,757,757,0,
ShiftedSchwefe1_2WithNoise,10,757,757,0,
ShiftedSchwefe1_2WithNoise,10,757,757,0,
ShiftedSchwefe1_2WithNoise,10,757,757,0,
ShiftedSchwefe1_2WithNoise,10,757,757,0,
ShiftedSchwefe1_2WithNoise,10,757,757,0,
ShiftedSchwefe1_2WithNoise,10,757,757,0,
ShiftedSchwefe1_2WithNoise,10,757,757,0,
ShiftedSchwefe1_2WithNoise,10,757,757,0,
ShiftedSchwefe1_2WithNoise,10,757,757,0,
ShiftedSchwefe1_2WithNoise,10,757,757,0,
ShiftedSchwefe1_2WithNoise,10,757,757,0,
ShiftedSchwefe1_2WithNoise,10,757,757,0,
ShiftedSchwefe1_2WithNoise,10,757,757,0,
ShiftedSchwefe1_2WithNoise,10,757,757,0,
ShiftedSchwefe1_2WithNoise,10,757,757,0,
ShiftedSchwefe1_2WithNoise,10,757,757,0,
ShiftedSchwefe1_2WithNoise,10,757,757,0,
ShiftedSchwefe1_2WithNoise,10,757,757,0,
ShiftedSchwefe1_2WithNoise,10,757,757,0,
ShiftedSchwefe1_2WithNoise,10,757,757,0,
ShiftedSchwefe1_2WithNoise,10,757,757,0,
ShiftedSchwefe1_2WithNoise,10,757,757,0,
ShiftedSchwefe1_2WithNoise,10,757,757,0,
ShiftedSchwefe1_2WithNoise,10,757,757,0,
ShiftedRastrigin,10,470,470,1,116.0
ShiftedRastrigin,10,470,470,1,130.0
ShiftedRastrigin,10,470,470,1,267.0
ShiftedRastrigin,10,470,470,0,
ShiftedRastrigin,10,470,470,1,220.0
ShiftedRastrigin,10,470,470,1,125.0
ShiftedRastrigin,10,470,470,1,170.0
ShiftedRastrigin,10,470,470,1,393.0
ShiftedRastrigin,10,470,470,1,144.0
ShiftedRastrigin,10,470,470,0,
ShiftedRastrigin,10,470,470,1,112.0
ShiftedRastrigin,10,470,470,0,
ShiftedRastrigin,10,470,470,1,255.0
ShiftedRastrigin,10,470,470,1,130.0
ShiftedRastrigin,10,470,470,0,
ShiftedRastrigin,10,470,470,0,
ShiftedRastrigin,10,470,470,1,128.0
ShiftedRastrigin,10,470,470,0,
ShiftedRastrigin,10,470,470,0,
ShiftedRastrigin,10,470,470,0,
ShiftedRastrigin,10,470,470,1,125.0
ShiftedRastrigin,10,470,470,1,206.0
ShiftedRastrigin,10,470,470,0,
ShiftedRastrigin,10,470,470,1,168.0
ShiftedRastrigin,10,470,470,1,113.0
ShiftedRastrigin,10,470,470,0,
ShiftedRastrigin,10,470,470,0,
ShiftedRastrigin,10,470,470,1,178.0
ShiftedRastrigin,10,470,470,0,
ShiftedRastrigin,10,470,470,1,154.0
ShiftedRastrigin,10,470,470,0,
ShiftedRastrigin,10,470,470,1,135.0
ShiftedRastrigin,10,470,470,1,150.0
ShiftedRastrigin,10,470,470,1,131.0
ShiftedRastrigin,10,470,470,1,186.0
ShiftedRastrigin,10,470,470,0,
ShiftedRastrigin,10,470,470,1,301.0
ShiftedRastrigin,10,470,470,1,157.0
ShiftedRastrigin,10,470,470,1,115.0
ShiftedRastrigin,10,470,470,1,144.0
ShiftedRastrigin,10,470,470,1,104.0
ShiftedRastrigin,10,470,470,1,133.0
ShiftedRastrigin,10,470,470,0,
ShiftedRastrigin,10,470,470,0,
ShiftedRastrigin,10,470,470,0,
ShiftedRastrigin,10,470,470,0,
ShiftedRastrigin,10,470,470,0,
ShiftedRastrigin,10,470,470,1,204.0
ShiftedRastrigin,10,470,470,0,
ShiftedRastrigin,10,470,470,0,
ShiftedRastrigin,10,470,470,1,94.0
ShiftedRastrigin,10,470,470,0,
ShiftedRastrigin,10,470,470,0,
ShiftedRastrigin,10,470,470,1,183.0
ShiftedRastrigin,10,470,470,1,118.0
ShiftedRastrigin,10,470,470,0,
ShiftedRastrigin,10,470,470,1,162.0
ShiftedRastrigin,10,470,470,0,
ShiftedRastrigin,10,470,470,1,119.0
ShiftedRastrigin,10,470,470,1,176.0
ShiftedRastrigin,10,470,470,1,204.0
ShiftedRastrigin,10,470,470,1,115.0
ShiftedRastrigin,10,470,470,1,271.0
ShiftedRastrigin,10,470,470,1,202.0
ShiftedRastrigin,10,470,470,1,190.0
ShiftedRastrigin,10,470,470,0,
ShiftedRastrigin,10,470,470,1,129.0
ShiftedRastrigin,10,470,470,0,
ShiftedRastrigin,10,470,470,1,228.0
ShiftedRastrigin,10,470,470,1,152.0
ShiftedRastrigin,10,470,470,0,
ShiftedRastrigin,10,470,470,0,
ShiftedRastrigin,10,470,470,1,258.0
ShiftedRastrigin,10,470,470,0,
ShiftedRastrigin,10,470,470,0,
ShiftedRastrigin,10,470,470,1,137.0
ShiftedRastrigin,10,470,470,0,
ShiftedRastrigin,10,470,470,0,
ShiftedRastrigin,10,470,470,1,146.0
ShiftedRastrigin,10,470,470,1,180.0
ShiftedRastrigin,10,470,470,1,124.0
ShiftedRastrigin,10,470,470,1,146.0
ShiftedRastrigin,10,470,470,0,
ShiftedRastrigin,10,470,470,1,175.0
ShiftedRastrigin,10,470,470,0,
ShiftedRastrigin,10,470,470,1,119.0
ShiftedRastrigin,10,470,470,1,265.0
ShiftedRastrigin,10,470,470,1,168.0
ShiftedRastrigin,10,470,470,0,
ShiftedRastrigin,10,470,470,0,
ShiftedRastrigin,10,470,470,0,
ShiftedRastrigin,10,470,470,1,136.0
ShiftedRastrigin,10,470,470,1,105.0
ShiftedRastrigin,10,470,470,1,162.0
ShiftedRastrigin,10,470,470,0,
ShiftedRastrigin,10,470,470,0,
ShiftedRastrigin,10,470,470,0,
ShiftedRastrigin,10,470,470,0,
ShiftedRastrigin,10,470,470,1,155.0
ShiftedRastrigin,10,470,470,0,
ShiftedRotatedRastrigin,10,463,463,0,
ShiftedRotatedRastrigin,10,463,463,0,
ShiftedRotatedRastrigin,10,463,463,0,
ShiftedRotatedRastrigin,10,463,463,0,
ShiftedRotatedRastrigin,10,463,463,0,
ShiftedRotatedRastrigin,10,463,463,0,
ShiftedRotatedRastrigin,10,463,463,0,
ShiftedRotatedRastrigin,10,463,463,0,
ShiftedRotatedRastrigin,10,463,463,0,
ShiftedRotatedRastrigin,10,463,463,0,
ShiftedRotatedRastrigin,10,463,463,0,
ShiftedRotatedRastrigin,10,463,463,0,
ShiftedRotatedRastrigin,10,463,463,0,
ShiftedRotatedRastrigin,10,463,463,0,
ShiftedRotatedRastrigin,10,463,463,0,
ShiftedRotatedRastrigin,10,463,463,0,
ShiftedRotatedRastrigin,10,463,463,0,
ShiftedRotatedRastrigin,10,463,463,0,
ShiftedRotatedRastrigin,10,463,463,0,
ShiftedRotatedRastrigin,10,463,463,0,
ShiftedRotatedRastrigin,10,463,463,0,
ShiftedRotatedRastrigin,10,463,463,0,
ShiftedRotatedRastrigin,10,463,463,0,
ShiftedRotatedRastrigin,10,463,463,0,
ShiftedRotatedRastrigin,10,463,463,0,
ShiftedRotatedRastrigin,10,463,463,0,
ShiftedRotatedRastrigin,10,463,463,0,
ShiftedRotatedRastrigin,10,463,463,0,
ShiftedRotatedRastrigin,10,463,463,0,
ShiftedRotatedRastrigin,10,463,463,0,
ShiftedRotatedRastrigin,10,463,463,0,
ShiftedRotatedRastrigin,10,463,463,0,
ShiftedRotatedRastrigin,10,463,463,0,
ShiftedRotatedRastrigin,10,463,463,0,
ShiftedRotatedRastrigin,10,463,463,0,
ShiftedRotatedRastrigin,10,463,463,0,
ShiftedRotatedRastrigin,10,463,463,0,
ShiftedRotatedRastrigin,10,463,463,0,
ShiftedRotatedRastrigin,10,463,463,0,
ShiftedRotatedRastrigin,10,463,463,0,
ShiftedRotatedRastrigin,10,463,463,0,
ShiftedRotatedRastrigin,10,463,463,0,
ShiftedRotatedRastrigin,10,463,463,0,
ShiftedRotatedRastrigin,10,463,463,0,
ShiftedRotatedRastrigin,10,463,463,0,
ShiftedRotatedRastrigin,10,463,463,0,
ShiftedRotatedRastrigin,10,463,463,0,
ShiftedRotatedRastrigin,10,463,463,0,
ShiftedRotatedRastrigin,10,463,463,0,
ShiftedRotatedRastrigin,10,463,463,0,
ShiftedRotatedRastrigin,10,463,463,0,
ShiftedRotatedRastrigin,10,463,463,0,
ShiftedRotatedRastrigin,10,463,463,0,
ShiftedRotatedRastrigin,10,463,463,0,
ShiftedRotatedRastrigin,10,463,463,0,
ShiftedRotatedRastrigin,10,463,463,0,
ShiftedRotatedRastrigin,10,463,463,0,
ShiftedRotatedRastrigin,10,463,463,0,
ShiftedRotatedRastrigin,10,463,463,0,
ShiftedRotatedRastrigin,10,463,463,0,
ShiftedRotatedRastrigin,10,463,463,0,
ShiftedRotatedRastrigin,10,463,463,0,
ShiftedRotatedRastrigin,10,463,463,0,
ShiftedRotatedRastrigin,10,463,463,0,
ShiftedRotatedRastrigin,10,463,463,0,
ShiftedRotatedRastrigin,10,463,463,0,
ShiftedRotatedRastrigin,10,463,463,0,
ShiftedRotatedRastrigin,10,463,463,0,
ShiftedRotatedRastrigin,10,463,463,0,
ShiftedRotatedRastrigin,10,463,463,0,
ShiftedRotatedRastrigin,10,463,463,0,
ShiftedRotatedRastrigin,10,463,463,0,
ShiftedRotatedRastrigin,10,463,463,0,
ShiftedRotatedRastrigin,10,463,463,0,
ShiftedRotatedRastrigin,10,463,463,0,
ShiftedRotatedRastrigin,10,463,463,0,
ShiftedRotatedRastrigin,10,463,463,0,
ShiftedRotatedRastrigin,10,463,463,0,
ShiftedRotatedRastrigin,10,463,463,0,
ShiftedRotatedRastrigin,10,463,463,0,
ShiftedRotatedRastrigin,10,463,463,0,
ShiftedRotatedRastrigin,10,463,463,0,
ShiftedRotatedRastrigin,10,463,463,0,
ShiftedRotatedRastrigin,10,463,463,0,
ShiftedRotatedRastrigin,10,463,463,0,
ShiftedRotatedRastrigin,10,463,463,0,
ShiftedRotatedRastrigin,10,463,463,0,
ShiftedRotatedRastrigin,10,463,463,0,
ShiftedRotatedRastrigin,10,463,463,0,
ShiftedRotatedRastrigin,10,463,463,0,
ShiftedRotatedRastrigin,10,463,463,0,
ShiftedRotatedRastrigin,10,463,463,0,
ShiftedRotatedRastrigin,10,463,463,0,
ShiftedRotatedRastrigin,10,463,463,0,
ShiftedRotatedRastrigin,10,463,463,0,
ShiftedRotatedRastrigin,10,463,463,0,
ShiftedRotatedRastrigin,10,463,463,0,
ShiftedRotatedRastrigin,10,463,463,0,
ShiftedRotatedRastrigin,10,463,463,0,
ShiftedRotatedRastrigin,10,463,463,0,
HybridCompositionFunction1,10,799,799,0,
HybridCompositionFunction1,10,799,799,0,
HybridCompositionFunction1,10,799,799,1,228.0
HybridCompositionFunction1,10,799,799,0,
HybridCompositionFunction1,10,799,799,0,
HybridCompositionFunction1,10,799,799,0,
HybridCompositionFunction1,10,799,799,0,
HybridCompositionFunction1,10,799,799,0,
HybridCompositionFunction1,10,799,799,0,
HybridCompositionFunction1,10,799,799,0,
HybridCompositionFunction1,10,799,799,0,
HybridCompositionFunction1,10,799,799,0,
HybridCompositionFunction1,10,799,799,0,
HybridCompositionFunction1,10,799,799,0,
HybridCompositionFunction1,10,799,799,0,
HybridCompositionFunction1,10,799,799,0,
HybridCompositionFunction1,10,799,799,0,
HybridCompositionFunction1,10,799,799,1,741.0
HybridCompositionFunction1,10,799,799,0,
HybridCompositionFunction1,10,799,799,1,700.0
HybridCompositionFunction1,10,799,799,0,
HybridCompositionFunction1,10,799,799,0,
HybridCompositionFunction1,10,799,799,0,
HybridCompositionFunction1,10,799,799,0,
HybridCompositionFunction1,10,799,799,0,
HybridCompositionFunction1,10,799,799,0,
HybridCompositionFunction1,10,799,799,0,
HybridCompositionFunction1,10,799,799,0,
HybridCompositionFunction1,10,799,799,1,379.0
HybridCompositionFunction1,10,799,799,0,
HybridCompositionFunction1,10,799,799,0,
HybridCompositionFunction1,10,799,799,1,505.0
HybridCompositionFunction1,10,799,799,1,290.0
HybridCompositionFunction1,10,799,799,0,
HybridCompositionFunction1,10,799,799,0,
HybridCompositionFunction1,10,799,799,0,
HybridCompositionFunction1,10,799,799,1,271.0
HybridCompositionFunction1,10,799,799,0,
HybridCompositionFunction1,10,799,799,0,
HybridCompositionFunction1,10,799,799,0,
HybridCompositionFunction1,10,799,799,0,
HybridCompositionFunction1,10,799,799,0,
HybridCompositionFunction1,10,799,799,0,
HybridCompositionFunction1,10,799,799,0,
HybridCompositionFunction1,10,799,799,1,462.0
HybridCompositionFunction1,10,799,799,0,
HybridCompositionFunction1,10,799,799,0,
HybridCompositionFunction1,10,799,799,0,
HybridCompositionFunction1,10,799,799,1,503.0
HybridCompositionFunction1,10,799,799,0,
HybridCompositionFunction1,10,799,799,0,
HybridCompositionFunction1,10,799,799,1,716.0
HybridCompositionFunction1,10,799,799,0,
HybridCompositionFunction1,10,799,799,0,
HybridCompositionFunction1,10,799,799,1,516.0
HybridCompositionFunction1,10,799,799,1,696.0
HybridCompositionFunction1,10,799,799,0,
HybridCompositionFunction1,10,799,799,0,
HybridCompositionFunction1,10,799,799,0,
HybridCompositionFunction1,10,799,799,1,698.0
HybridCompositionFunction1,10,799,799,0,
HybridCompositionFunction1,10,799,799,0,
HybridCompositionFunction1,10,799,799,0,
HybridCompositionFunction1,10,799,799,0,
HybridCompositionFunction1,10,799,799,0,
HybridCompositionFunction1,10,799,799,1,195.0
HybridCompositionFunction1,10,799,799,0,
HybridCompositionFunction1,10,799,799,0,
HybridCompositionFunction1,10,799,799,0,
HybridCompositionFunction1,10,799,799,0,
HybridCompositionFunction1,10,799,799,1,789.0
HybridCompositionFunction1,10,799,799,1,588.0
HybridCompositionFunction1,10,799,799,0,
HybridCompositionFunction1,10,799,799,0,
HybridCompositionFunction1,10,799,799,0,
HybridCompositionFunction1,10,799,799,0,
HybridCompositionFunction1,10,799,799,0,
HybridCompositionFunction1,10,799,799,0,
HybridCompositionFunction1,10,799,799,0,
HybridCompositionFunction1,10,799,799,0,
HybridCompositionFunction1,10,799,799,0,
HybridCompositionFunction1,10,799,799,0,
HybridCompositionFunction1,10,799,799,1,786.0
HybridCompositionFunction1,10,799,799,1,660.0
HybridCompositionFunction1,10,799,799,0,
HybridCompositionFunction1,10,799,799,0,
HybridCompositionFunction1,10,799,799,0,
HybridCompositionFunction1,10,799,799,0,
HybridCompositionFunction1,10,799,799,0,
HybridCompositionFunction1,10,799,799,0,
HybridCompositionFunction1,10,799,799,1,557.0
HybridCompositionFunction1,10,799,799,0,
HybridCompositionFunction1,10,799,799,0,
HybridCompositionFunction1,10,799,799,0,
HybridCompositionFunction1,10,799,799,0,
HybridCompositionFunction1,10,799,799,0,
HybridCompositionFunction1,10,799,799,0,
HybridCompositionFunction1,10,799,799,0,
HybridCompositionFunction1,10,799,799,0,
HybridCompositionFunction1,10,799,799,0,
Sphere,30,210,210,1,187.0
Sphere,30,210,210,1,192.0
Sphere,30,210,210,1,209.0
Sphere,30,210,210,1,200.0
Sphere,30,210,210,1,203.0
Sphere,30,210,210,1,193.0
Sphere,30,210,210,1,183.0
Sphere,30,210,210,1,197.0
Sphere,30,210,210,1,198.0
Sphere,30,210,210,1,194.0
Sphere,30,210,210,0,
Sphere,30,210,210,1,208.0
Sphere,30,210,210,1,198.0
Sphere,30,210,210,0,
Sphere,30,210,210,0,
Sphere,30,210,210,1,190.0
Sphere,30,210,210,1,201.0
Sphere,30,210,210,1,207.0
Sphere,30,210,210,1,198.0
Sphere,30,210,210,1,210.0
Sphere,30,210,210,1,196.0
Sphere,30,210,210,1,207.0
Sphere,30,210,210,1,195.0
Sphere,30,210,210,1,192.0
Sphere,30,210,210,1,198.0
Sphere,30,210,210,1,207.0
Sphere,30,210,210,0,
Sphere,30,210,210,1,189.0
Sphere,30,210,210,1,193.0
Sphere,30,210,210,0,
Sphere,30,210,210,1,183.0
Sphere,30,210,210,1,198.0
Sphere,30,210,210,1,195.0
Sphere,30,210,210,0,
Sphere,30,210,210,1,189.0
Sphere,30,210,210,1,194.0
Sphere,30,210,210,1,201.0
Sphere,30,210,210,1,192.0
Sphere,30,210,210,1,209.0
Sphere,30,210,210,0,
Sphere,30,210,210,1,199.0
Sphere,30,210,210,1,194.0
Sphere,30,210,210,1,205.0
Sphere,30,210,210,0,
Sphere,30,210,210,1,196.0
Sphere,30,210,210,1,193.0
Sphere,30,210,210,1,206.0
Sphere,30,210,210,1,208.0
Sphere,30,210,210,1,189.0
Sphere,30,210,210,1,196.0
Sphere,30,210,210,1,189.0
Sphere,30,210,210,1,184.0
Sphere,30,210,210,1,206.0
Sphere,30,210,210,1,196.0
Sphere,30,210,210,1,204.0
Sphere,30,210,210,1,210.0
Sphere,30,210,210,1,192.0
Sphere,30,210,210,0,
Sphere,30,210,210,1,197.0
Sphere,30,210,210,0,
Sphere,30,210,210,1,208.0
Sphere,30,210,210,1,189.0
Sphere,30,210,210,1,206.0
Sphere,30,210,210,1,194.0
Sphere,30,210,210,1,196.0
Sphere,30,210,210,1,194.0
Sphere,30,210,210,1,209.0
Sphere,30,210,210,1,196.0
Sphere,30,210,210,1,206.0
Sphere,30,210,210,1,204.0
Sphere,30,210,210,0,
Sphere,30,210,210,1,193.0
Sphere,30,210,210,1,195.0
Sphere,30,210,210,1,196.0
Sphere,30,210,210,1,207.0
Sphere,30,210,210,0,
Sphere,30,210,210,1,200.0
Sphere,30,210,210,1,192.0
Sphere,30,210,210,1,210.0
Sphere,30,210,210,1,205.0
Sphere,30,210,210,1,203.0
Sphere,30,210,210,0,
Sphere,30,210,210,1,200.0
Sphere,30,210,210,1,205.0
Sphere,30,210,210,1,209.0
Sphere,30,210,210,1,202.0
Sphere,30,210,210,1,199.0
Sphere,30,210,210,1,196.0
Sphere,30,210,210,1,205.0
Sphere,30,210,210,1,181.0
Sphere,30,210,210,1,186.0
Sphere,30,210,210,1,189.0
Sphere,30,210,210,1,206.0
Sphere,30,210,210,0,
Sphere,30,210,210,1,190.0
Sphere,30,210,210,1,198.0
Sphere,30,210,210,1,188.0
Sphere,30,210,210,1,195.0
Sphere,30,210,210,1,210.0
Sphere,30,210,210,1,192.0
HighConditionedElliptic,30,355,355,0,
HighConditionedElliptic,30,355,355,1,346.0
HighConditionedElliptic,30,355,355,0,
HighConditionedElliptic,30,355,355,1,324.0
HighConditionedElliptic,30,355,355,0,
HighConditionedElliptic,30,355,355,1,344.0
HighConditionedElliptic,30,355,355,1,345.0
HighConditionedElliptic,30,355,355,1,339.0
HighConditionedElliptic,30,355,355,0,
HighConditionedElliptic,30,355,355,0,
HighConditionedElliptic,30,355,355,1,330.0
HighConditionedElliptic,30,355,355,1,342.0
HighConditionedElliptic,30,355,355,1,344.0
HighConditionedElliptic,30,355,355,1,355.0
HighConditionedElliptic,30,355,355,1,335.0
HighConditionedElliptic,30,355,355,0,
HighConditionedElliptic,30,355,355,1,341.0
HighConditionedElliptic,30,355,355,0,
HighConditionedElliptic,30,355,355,1,352.0
HighConditionedElliptic,30,355,355,0,
HighConditionedElliptic,30,355,355,1,324.0
HighConditionedElliptic,30,355,355,0,
HighConditionedElliptic,30,355,355,0,
HighConditionedElliptic,30,355,355,1,334.0
HighConditionedElliptic,30,355,355,1,338.0
HighConditionedElliptic,30,355,355,1,338.0
HighConditionedElliptic,30,355,355,1,349.0
HighConditionedElliptic,30,355,355,1,331.0
HighConditionedElliptic,30,355,355,0,
HighConditionedElliptic,30,355,355,1,334.0
HighConditionedElliptic,30,355,355,0,
HighConditionedElliptic,30,355,355,1,341.0
HighConditionedElliptic,30,355,355,1,350.0
HighConditionedElliptic,30,355,355,1,322.0
HighConditionedElliptic,30,355,355,1,333.0
HighConditionedElliptic,30,355,355,1,327.0
HighConditionedElliptic,30,355,355,1,341.0
HighConditionedElliptic,30,355,355,1,353.0
HighConditionedElliptic,30,355,355,1,349.0
HighConditionedElliptic,30,355,355,1,354.0
HighConditionedElliptic,30,355,355,0,
HighConditionedElliptic,30,355,355,1,340.0
HighConditionedElliptic,30,355,355,0,
HighConditionedElliptic,30,355,355,1,332.0
HighConditionedElliptic,30,355,355,1,329.0
HighConditionedElliptic,30,355,355,0,
HighConditionedElliptic,30,355,355,0,
HighConditionedElliptic,30,355,355,0,
HighConditionedElliptic,30,355,355,1,332.0
HighConditionedElliptic,30,355,355,1,339.0
HighConditionedElliptic,30,355,355,1,346.0
HighConditionedElliptic,30,355,355,1,342.0
HighConditionedElliptic,30,355,355,0,
HighConditionedElliptic,30,355,355,1,339.0
HighConditionedElliptic,30,355,355,1,327.0
HighConditionedElliptic,30,355,355,1,351.0
HighConditionedElliptic,30,355,355,1,351.0
HighConditionedElliptic,30,355,355,1,339.0
HighConditionedElliptic,30,355,355,1,355.0
HighConditionedElliptic,30,355,355,0,
HighConditionedElliptic,30,355,355,1,349.0
HighConditionedElliptic,30,355,355,0,
HighConditionedElliptic,30,355,355,1,343.0
HighConditionedElliptic,30,355,355,1,354.0
HighConditionedElliptic,30,355,355,0,
HighConditionedElliptic,30,355,355,1,331.0
HighConditionedElliptic,30,355,355,0,
HighConditionedElliptic,30,355,355,1,354.0
HighConditionedElliptic,30,355,355,1,331.0
HighConditionedElliptic,30,355,355,0,
HighConditionedElliptic,30,355,355,0,
HighConditionedElliptic,30,355,355,1,318.0
HighConditionedElliptic,30,355,355,0,
HighConditionedElliptic,30,355,355,1,350.0
HighConditionedElliptic,30,355,355,0,
HighConditionedElliptic,30,355,355,0,
HighConditionedElliptic,30,355,355,0,
HighConditionedElliptic,30,355,355,1,352.0
HighConditionedElliptic,30,355,355,0,
HighConditionedElliptic,30,355,355,0,
HighConditionedElliptic,30,355,355,1,341.0
HighConditionedElliptic,30,355,355,0,
HighConditionedElliptic,30,355,355,0,
HighConditionedElliptic,30,355,355,1,346.0
HighConditionedElliptic,30,355,355,0,
HighConditionedElliptic,30,355,355,1,344.0
HighConditionedElliptic,30,355,355,1,350.0
HighConditionedElliptic,30,355,355,0,
HighConditionedElliptic,30,355,355,1,335.0
HighConditionedElliptic,30,355,355,1,349.0
HighConditionedElliptic,30,355,355,1,349.0
HighConditionedElliptic,30,355,355,1,351.0
HighConditionedElliptic,30,355,355,1,351.0
HighConditionedElliptic,30,355,355,1,334.0
HighConditionedElliptic,30,355,355,0,
HighConditionedElliptic,30,355,355,1,352.0
HighConditionedElliptic,30,355,355,1,348.0
HighConditionedElliptic,30,355,355,1,339.0
HighConditionedElliptic,30,355,355,1,352.0
HighConditionedElliptic,30,355,355,0,
Griewank,30,600,600,1,352.0
Griewank,30,600,600,1,355.0
Griewank,30,600,600,1,348.0
Griewank,30,600,600,1,356.0
Griewank,30,600,600,1,348.0
Griewank,30,600,600,1,358.0
Griewank,30,600,600,1,354.0
Griewank,30,600,600,1,330.0
Griewank,30,600,600,1,331.0
Griewank,30,600,600,1,370.0
Griewank,30,600,600,1,362.0
Griewank,30,600,600,1,350.0
Griewank,30,600,600,1,338.0
Griewank,30,600,600,1,373.0
Griewank,30,600,600,1,349.0
Griewank,30,600,600,1,336.0
Griewank,30,600,600,1,332.0
Griewank,30,600,600,1,330.0
Griewank,30,600,600,1,326.0
Griewank,30,600,600,0,
Griewank,30,600,600,1,351.0
Griewank,30,600,600,1,337.0
Griewank,30,600,600,0,
Griewank,30,600,600,1,338.0
Griewank,30,600,600,1,357.0
Griewank,30,600,600,1,342.0
Griewank,30,600,600,1,350.0
Griewank,30,600,600,0,
Griewank,30,600,600,1,339.0
Griewank,30,600,600,1,339.0
Griewank,30,600,600,1,353.0
Griewank,30,600,600,0,
Griewank,30,600,600,0,
Griewank,30,600,600,1,354.0
Griewank,30,600,600,0,
Griewank,30,600,600,1,349.0
Griewank,30,600,600,1,343.0
Griewank,30,600,600,1,344.0
Griewank,30,600,600,1,349.0
Griewank,30,600,600,1,338.0
Griewank,30,600,600,1,359.0
Griewank,30,600,600,1,376.0
Griewank,30,600,600,1,348.0
Griewank,30,600,600,0,
Griewank,30,600,600,0,
Griewank,30,600,600,1,342.0
Griewank,30,600,600,1,360.0
Griewank,30,600,600,1,348.0
Griewank,30,600,600,1,349.0
Griewank,30,600,600,0,
Griewank,30,600,600,1,356.0
Griewank,30,600,600,1,345.0
Griewank,30,600,600,1,351.0
Griewank,30,600,600,0,
Griewank,30,600,600,0,
Griewank,30,600,600,1,343.0
Griewank,30,600,600,0,
Griewank,30,600,600,0,
Griewank,30,600,600,0,
Griewank,30,600,600,1,350.0
Griewank,30,600,600,1,344.0
Griewank,30,600,600,1,327.0
Griewank,30,600,600,0,
Griewank,30,600,600,1,359.0
Griewank,30,600,600,0,
Griewank,30,600,600,1,347.0
Griewank,30,600,600,1,334.0
Griewank,30,600,600,0,
Griewank,30,600,600,1,350.0
Griewank,30,600,600,0,
Griewank,30,600,600,0,
Griewank,30,600,600,1,355.0
Griewank,30,600,600,1,335.0
Griewank,30,600,600,1,351.0
Griewank,30,600,600,1,344.0
Griewank,30,600,600,0,
Griewank,30,600,600,1,346.0
Griewank,30,600,600,1,340.0
Griewank,30,600,600,1,348.0
Griewank,30,600,600,1,340.0
Griewank,30,600,600,0,
Griewank,30,600,600,1,348.0
Griewank,30,600,600,1,350.0
Griewank,30,600,600,1,351.0
Griewank,30,600,600,1,370.0
Griewank,30,600,600,1,357.0
Griewank,30,600,600,1,341.0
Griewank,30,600,600,1,352.0
Griewank,30,600,600,1,349.0
Griewank,30,600,600,1,335.0
Griewank,30,600,600,1,349.0
Griewank,30,600,600,0,
Griewank,30,600,600,1,345.0
Griewank,30,600,600,1,355.0
Griewank,30,600,600,1,331.0
Griewank,30,600,600,1,353.0
Griewank,30,600,600,1,350.0
Griewank,30,600,600,1,332.0
Griewank,30,600,600,0,
Griewank,30,600,600,1,358.0
Ackley,30,247,247,1,244.0
Ackley,30,247,247,1,223.0
Ackley,30,247,247,1,233.0
Ackley,30,247,247,1,227.0
Ackley,30,247,247,0,
Ackley,30,247,247,1,245.0
Ackley,30,247,247,1,236.0
Ackley,30,247,247,1,245.0
Ackley,30,247,247,1,243.0
Ackley,30,247,247,1,234.0
Ackley,30,247,247,1,228.0
Ackley,30,247,247,1,245.0
Ackley,30,247,247,1,247.0
Ackley,30,247,247,1,239.0
Ackley,30,247,247,1,235.0
Ackley,30,247,247,1,241.0
Ackley,30,247,247,1,220.0
Ackley,30,247,247,1,239.0
Ackley,30,247,247,1,228.0
Ackley,30,247,247,1,223.0
Ackley,30,247,247,1,239.0
Ackley,30,247,247,1,231.0
Ackley,30,247,247,1,244.0
Ackley,30,247,247,1,243.0
Ackley,30,247,247,0,
Ackley,30,247,247,1,228.0
Ackley,30,247,247,0,
Ackley,30,247,247,1,236.0
Ackley,30,247,247,1,222.0
Ackley,30,247,247,0,
Ackley,30,247,247,0,
Ackley,30,247,247,1,231.0
Ackley,30,247,247,1,224.0
Ackley,30,247,247,1,223.0
Ackley,30,247,247,0,
Ackley,30,247,247,0,
Ackley,30,247,247,1,221.0
Ackley,30,247,247,1,221.0
Ackley,30,247,247,1,237.0
Ackley,30,247,247,0,
Ackley,30,247,247,1,240.0
Ackley,30,247,247,1,216.0
Ackley,30,247,247,1,231.0
Ackley,30,247,247,1,231.0
Ackley,30,247,247,1,228.0
Ackley,30,247,247,1,234.0
Ackley,30,247,247,1,242.0
Ackley,30,247,247,1,243.0
Ackley,30,247,247,0,
Ackley,30,247,247,1,224.0
Ackley,30,247,247,1,240.0
Ackley,30,247,247,1,246.0
Ackley,30,247,247,1,235.0
Ackley,30,247,247,1,233.0
Ackley,30,247,247,1,218.0
Ackley,30,247,247,1,223.0
Ackley,30,247,247,1,239.0
Ackley,30,247,247,0,
Ackley,30,247,247,1,239.0
Ackley,30,247,247,1,242.0
Ackley,30,247,247,0,
Ackley,30,247,247,0,
Ackley,30,247,247,1,237.0
Ackley,30,247,247,1,235.0
Ackley,30,247,247,1,238.0
Ackley,30,247,247,1,239.0
Ackley,30,247,247,1,246.0
Ackley,30,247,247,1,243.0
Ackley,30,247,247,1,229.0
Ackley,30,247,247,1,225.0
Ackley,30,247,247,0,
Ackley,30,247,247,1,230.0
Ackley,30,247,247,1,238.0
Ackley,30,247,247,1,235.0
Ackley,30,247,247,1,247.0
Ackley,30,247,247,1,244.0
Ackley,30,247,247,1,243.0
Ackley,30,247,247,1,236.0
Ackley,30,247,247,1,231.0
Ackley,30,247,247,1,228.0
Ackley,30,247,247,1,228.0
Ackley,30,247,247,1,237.0
Ackley,30,247,247,1,233.0
Ackley,30,247,247,0,
Ackley,30,247,247,0,
Ackley,30,247,247,1,241.0
Ackley,30,247,247,1,233.0
Ackley,30,247,247,1,237.0
Ackley,30,247,247,0,
Ackley,30,247,247,1,239.0
Ackley,30,247,247,1,244.0
Ackley,30,247,247,1,236.0
Ackley,30,247,247,1,229.0
Ackley,30,247,247,1,234.0
Ackley,30,247,247,1,226.0
Ackley,30,247,247,1,221.0
Ackley,30,247,247,1,218.0
Ackley,30,247,247,0,
Ackley,30,247,247,1,206.0
Ackley,30,247,247,1,238.0
Rastrigin,30,799,799,0,
Rastrigin,30,799,799,0,
Rastrigin,30,799,799,0,
Rastrigin,30,799,799,0,
Rastrigin,30,799,799,0,
Rastrigin,30,799,799,0,
Rastrigin,30,799,799,0,
Rastrigin,30,799,799,0,
Rastrigin,30,799,799,0,
Rastrigin,30,799,799,0,
Rastrigin,30,799,799,0,
Rastrigin,30,799,799,0,
Rastrigin,30,799,799,0,
Rastrigin,30,799,799,0,
Rastrigin,30,799,799,0,
Rastrigin,30,799,799,0,
Rastrigin,30,799,799,0,
Rastrigin,30,799,799,0,
Rastrigin,30,799,799,0,
Rastrigin,30,799,799,0,
Rastrigin,30,799,799,0,
Rastrigin,30,799,799,0,
Rastrigin,30,799,799,0,
Rastrigin,30,799,799,0,
Rastrigin,30,799,799,0,
Rastrigin,30,799,799,0,
Rastrigin,30,799,799,0,
Rastrigin,30,799,799,0,
Rastrigin,30,799,799,0,
Rastrigin,30,799,799,0,
Rastrigin,30,799,799,0,
Rastrigin,30,799,799,0,
Rastrigin,30,799,799,0,
Rastrigin,30,799,799,0,
Rastrigin,30,799,799,0,
Rastrigin,30,799,799,0,
Rastrigin,30,799,799,0,
Rastrigin,30,799,799,0,
Rastrigin,30,799,799,0,
Rastrigin,30,799,799,0,
Rastrigin,30,799,799,0,
Rastrigin,30,799,799,0,
Rastrigin,30,799,799,0,
Rastrigin,30,799,799,0,
Rastrigin,30,799,799,0,
Rastrigin,30,799,799,0,
Rastrigin,30,799,799,0,
Rastrigin,30,799,799,0,
Rastrigin,30,799,799,0,
Rastrigin,30,799,799,0,
Rastrigin,30,799,799,0,
Rastrigin,30,799,799,0,
Rastrigin,30,799,799,0,
Rastrigin,30,799,799,0,
Rastrigin,30,799,799,0,
Rastrigin,30,799,799,0,
Rastrigin,30,799,799,0,
Rastrigin,30,799,799,0,
Rastrigin,30,799,799,0,
Rastrigin,30,799,799,0,
Rastrigin,30,799,799,0,
Rastrigin,30,799,799,0,
Rastrigin,30,799,799,0,
Rastrigin,30,799,799,0,
Rastrigin,30,799,799,0,
Rastrigin,30,799,799,0,
Rastrigin,30,799,799,0,
Rastrigin,30,799,799,0,
Rastrigin,30,799,799,0,
Rastrigin,30,799,799,0,
Rastrigin,30,799,799,0,
Rastrigin,30,799,799,0,
Rastrigin,30,799,799,0,
Rastrigin,30,799,799,0,
Rastrigin,30,799,799,0,
Rastrigin,30,799,799,0,
Rastrigin,30,799,799,0,
Rastrigin,30,799,799,0,
Rastrigin,30,799,799,0,
Rastrigin,30,799,799,0,
Rastrigin,30,799,799,0,
Rastrigin,30,799,799,0,
Rastrigin,30,799,799,0,
Rastrigin,30,799,799,0,
Rastrigin,30,799,799,0,
Rastrigin,30,799,799,0,
Rastrigin,30,799,799,0,
Rastrigin,30,799,799,0,
Rastrigin,30,799,799,0,
Rastrigin,30,799,799,0,
Rastrigin,30,799,799,0,
Rastrigin,30,799,799,0,
Rastrigin,30,799,799,0,
Rastrigin,30,799,799,0,
Rastrigin,30,799,799,0,
Rastrigin,30,799,799,0,
Rastrigin,30,799,799,0,
Rastrigin,30,799,799,0,
Rastrigin,30,799,799,0,
Rastrigin,30,799,799,0,
